id,group_id,lv,insert_type_1,hp_value1,hp_value2,mp_value1,mp_value2,insert_type_2,strength,vitality,agility,intelligence,spirit,magic,luck,insert_type_3,accuracy_rate,magic_evasion_rate,magical_times1,magical_times2,magical_times3,magical_times4,magical_times5,magical_times6,magical_times7,magical_times8
1,1,11,2,20,22,0,0,1,1,1,1,0,0,0,0,1,0,0,0,0,0,0,0,0,0,0
2,1,12,2,20,22,0,0,1,1,0,1,0,0,0,0,1,0,0,0,0,0,0,0,0,0,0
3,1,13,2,20,22,0,0,1,1,1,0,1,0,0,0,1,0,0,0,0,0,0,0,0,0,0
4,1,14,2,20,22,0,0,1,1,1,1,0,0,0,0,1,0,0,0,0,0,0,0,0,0,0
5,1,15,2,20,22,0,0,1,0,0,0,0,0,0,0,1,0,0,0,0,0,0,0,0,0,0
6,1,16,2,20,22,0,0,1,1,1,1,1,0,0,0,1,0,0,0,0,0,0,0,0,0,0
7,1,17,2,20,22,0,0,1,1,0,0,0,0,0,0,1,0,0,0,0,0,0,0,0,0,0
8,1,18,2,20,22,0,0,1,1,0,1,0,0,0,0,1,0,0,0,0,0,0,0,0,0,0
9,1,19,2,20,22,0,0,1,1,1,1,1,0,0,0,1,0,0,0,0,0,0,0,0,0,0
10,1,20,2,20,22,0,0,1,0,0,0,0,0,0,0,1,0,0,0,0,0,0,0,0,0,0
11,1,21,2,30,33,0,0,1,1,1,1,0,0,0,0,1,0,0,0,0,0,0,0,0,0,0
12,1,22,2,30,33,0,0,1,1,0,0,1,0,0,0,1,0,0,0,0,0,0,0,0,0,0
13,1,23,2,30,33,0,0,1,1,1,1,0,0,0,0,1,0,0,0,0,0,0,0,0,0,0
14,1,24,2,30,33,0,0,1,0,0,0,0,0,0,0,1,0,0,0,0,0,0,0,0,0,0
15,1,25,2,30,33,0,0,1,1,1,1,0,0,0,0,1,0,0,0,0,0,0,0,0,0,0
16,1,26,2,30,33,0,0,1,1,0,0,1,0,0,0,1,0,0,0,0,0,0,0,0,0,0
17,1,27,2,30,33,0,0,1,1,1,1,0,0,0,0,1,0,0,0,0,0,0,0,0,0,0
18,1,28,2,30,33,0,0,1,0,0,0,1,0,0,0,1,0,0,0,0,0,0,0,0,0,0
19,1,29,2,30,33,0,0,1,1,1,1,0,0,0,0,1,0,0,0,0,0,0,0,0,0,0
20,1,30,2,30,33,0,0,1,1,0,0,0,0,0,0,1,0,0,0,0,0,0,0,0,0,0
21,1,31,2,40,45,0,0,1,1,1,1,0,0,0,0,1,0,0,0,0,0,0,0,0,0,0
22,1,32,2,40,45,0,0,1,1,0,0,1,0,0,0,1,0,0,0,0,0,0,0,0,0,0
23,1,33,2,40,45,0,0,1,0,1,1,0,0,0,0,1,0,0,0,0,0,0,0,0,0,0
24,1,34,2,40,45,0,0,1,1,0,0,0,0,0,0,1,0,0,0,0,0,0,0,0,0,0
25,1,35,2,40,45,0,0,1,1,1,1,0,0,0,0,1,0,0,0,0,0,0,0,0,0,0
26,1,36,2,40,45,0,0,1,1,0,0,1,0,0,0,1,0,0,0,0,0,0,0,0,0,0
27,1,37,2,40,45,0,0,1,0,1,1,0,0,0,0,1,0,0,0,0,0,0,0,0,0,0
28,1,38,2,40,45,0,0,1,1,0,0,0,0,0,0,1,0,0,0,0,0,0,0,0,0,0
29,1,39,2,40,45,0,0,1,1,1,1,0,0,0,0,1,0,0,0,0,0,0,0,0,0,0
30,1,40,2,40,45,0,0,1,1,0,0,1,0,0,0,1,0,0,0,0,0,0,0,0,0,0
31,1,41,2,50,56,0,0,1,1,1,1,0,0,0,0,1,0,0,0,0,0,0,0,0,0,0
32,1,42,2,50,56,0,0,1,1,0,0,0,0,0,0,1,0,0,0,0,0,0,0,0,0,0
33,1,43,2,50,56,0,0,1,0,1,1,0,0,0,0,1,0,0,0,0,0,0,0,0,0,0
34,1,44,2,50,56,0,0,1,1,0,0,1,0,0,0,1,0,0,0,0,0,0,0,0,0,0
35,1,45,2,50,56,0,0,1,1,1,1,0,0,0,0,1,0,0,0,0,0,0,0,0,0,0
36,1,46,2,50,56,0,0,1,1,0,0,0,0,0,0,1,0,0,0,0,0,0,0,0,0,0
37,1,47,2,50,56,0,0,1,1,1,1,0,0,0,0,1,0,0,0,0,0,0,0,0,0,0
38,1,48,2,50,56,0,0,1,1,0,0,1,0,0,0,1,0,0,0,0,0,0,0,0,0,0
39,1,49,2,50,56,0,0,1,0,1,1,0,0,0,0,1,0,0,0,0,0,0,0,0,0,0
40,1,50,2,50,56,0,0,1,1,0,0,1,0,0,0,1,0,0,0,0,0,0,0,0,0,0
41,1,51,2,60,67,0,0,1,1,1,1,0,0,0,0,1,0,0,0,0,0,0,0,0,0,0
42,1,52,2,60,67,0,0,1,1,0,0,0,0,0,0,1,0,0,0,0,0,0,0,0,0,0
43,1,53,2,60,67,0,0,1,0,1,1,1,0,0,0,1,0,0,0,0,0,0,0,0,0,0
44,1,54,2,60,67,0,0,1,1,0,0,0,0,0,0,1,0,0,0,0,0,0,0,0,0,0
45,1,55,2,60,67,0,0,1,1,1,1,0,0,0,0,1,0,0,0,0,0,0,0,0,0,0
46,1,56,2,60,67,0,0,1,1,0,0,0,0,0,0,1,0,0,0,0,0,0,0,0,0,0
47,1,57,2,60,67,0,0,1,0,1,1,1,0,0,0,1,0,0,0,0,0,0,0,0,0,0
48,1,58,2,60,67,0,0,1,1,0,0,0,0,0,0,1,0,0,0,0,0,0,0,0,0,0
49,1,59,2,60,67,0,0,1,1,1,1,0,0,0,0,1,0,0,0,0,0,0,0,0,0,0
50,1,60,2,60,67,0,0,1,1,0,0,1,0,0,0,1,0,0,0,0,0,0,0,0,0,0
51,1,61,2,70,78,0,0,1,1,1,1,0,0,0,0,1,0,0,0,0,0,0,0,0,0,0
52,1,62,2,70,78,0,0,1,1,0,0,0,0,0,0,1,0,0,0,0,0,0,0,0,0,0
53,1,63,2,70,78,0,0,1,0,1,1,1,0,0,0,1,0,0,0,0,0,0,0,0,0,0
54,1,64,2,70,78,0,0,1,1,0,0,0,0,0,0,1,0,0,0,0,0,0,0,0,0,0
55,1,65,2,70,78,0,0,1,1,1,1,0,0,0,0,1,0,0,0,0,0,0,0,0,0,0
56,1,66,2,70,78,0,0,1,1,0,0,0,0,0,0,1,0,0,0,0,0,0,0,0,0,0
57,1,67,2,70,78,0,0,1,0,1,1,1,0,0,0,1,0,0,0,0,0,0,0,0,0,0
58,1,68,2,70,78,0,0,1,1,0,0,0,0,0,0,1,0,0,0,0,0,0,0,0,0,0
59,1,69,2,70,78,0,0,1,1,1,1,0,0,0,0,1,0,0,0,0,0,0,0,0,0,0
60,1,70,2,70,78,0,0,1,1,0,0,1,0,0,0,1,0,0,0,0,0,0,0,0,0,0
61,1,71,2,70,78,0,0,2,0,0,0,0,0,0,0,1,0,0,0,0,0,0,0,0,0,0
62,1,72,2,70,78,0,0,2,0,0,0,0,0,0,0,1,0,0,0,0,0,0,0,0,0,0
63,1,73,2,70,78,0,0,2,0,0,0,0,0,0,0,1,0,0,0,0,0,0,0,0,0,0
64,1,74,2,70,78,0,0,2,0,0,0,0,0,0,0,1,0,0,0,0,0,0,0,0,0,0
65,1,75,2,70,78,0,0,2,0,0,0,0,0,0,0,1,0,0,0,0,0,0,0,0,0,0
66,1,76,2,70,78,0,0,2,0,0,0,0,0,0,0,1,0,0,0,0,0,0,0,0,0,0
67,1,77,2,70,78,0,0,2,0,0,0,0,0,0,0,1,0,0,0,0,0,0,0,0,0,0
68,1,78,2,70,78,0,0,2,0,0,0,0,0,0,0,1,0,0,0,0,0,0,0,0,0,0
69,1,79,2,70,78,0,0,2,0,0,0,0,0,0,0,1,0,0,0,0,0,0,0,0,0,0
70,1,80,2,70,78,0,0,2,0,0,0,0,0,0,0,1,0,0,0,0,0,0,0,0,0,0
71,1,81,2,70,78,0,0,2,0,0,0,0,0,0,0,1,0,0,0,0,0,0,0,0,0,0
72,1,82,2,70,78,0,0,2,0,0,0,0,0,0,0,1,0,0,0,0,0,0,0,0,0,0
73,1,83,2,70,78,0,0,2,0,0,0,0,0,0,0,1,0,0,0,0,0,0,0,0,0,0
74,1,84,2,70,78,0,0,2,0,0,0,0,0,0,0,1,0,0,0,0,0,0,0,0,0,0
75,1,85,2,70,78,0,0,2,0,0,0,0,0,0,0,1,0,0,0,0,0,0,0,0,0,0
76,1,86,2,70,78,0,0,2,0,0,0,0,0,0,0,1,0,0,0,0,0,0,0,0,0,0
77,1,87,2,70,78,0,0,2,0,0,0,0,0,0,0,1,0,0,0,0,0,0,0,0,0,0
78,1,88,2,70,78,0,0,2,0,0,0,0,0,0,0,1,0,0,0,0,0,0,0,0,0,0
79,1,89,2,70,78,0,0,2,0,0,0,0,0,0,0,1,0,0,0,0,0,0,0,0,0,0
80,1,90,2,70,78,0,0,2,0,0,0,0,0,0,0,1,0,0,0,0,0,0,0,0,0,0
81,1,91,2,70,78,0,0,2,0,0,0,0,0,0,0,1,0,0,0,0,0,0,0,0,0,0
82,1,92,2,70,78,0,0,2,0,0,0,0,0,0,0,1,0,0,0,0,0,0,0,0,0,0
83,1,93,2,70,78,0,0,2,0,0,0,0,0,0,0,1,0,0,0,0,0,0,0,0,0,0
84,1,94,2,70,78,0,0,2,0,0,0,0,0,0,0,1,0,0,0,0,0,0,0,0,0,0
85,1,95,2,70,78,0,0,2,0,0,0,0,0,0,0,1,0,0,0,0,0,0,0,0,0,0
86,1,96,2,70,78,0,0,2,0,0,0,0,0,0,0,1,0,0,0,0,0,0,0,0,0,0
87,1,97,2,70,78,0,0,2,0,0,0,0,0,0,0,1,0,0,0,0,0,0,0,0,0,0
88,1,98,2,70,78,0,0,2,0,0,0,0,0,0,0,1,0,0,0,0,0,0,0,0,0,0
89,1,99,2,70,78,0,0,2,0,0,0,0,0,0,0,1,0,0,0,0,0,0,0,0,0,0
90,2,11,2,24,27,0,0,1,1,1,1,0,0,0,0,1,0,0,0,0,0,0,0,0,0,0
91,2,12,2,24,27,0,0,1,1,1,0,0,1,0,0,1,0,0,0,0,0,0,0,0,0,0
92,2,13,2,32,36,0,0,1,1,1,1,0,0,0,0,1,0,0,0,0,0,0,0,0,0,0
93,2,14,2,32,36,0,0,1,1,1,0,0,0,0,0,1,0,0,0,0,0,0,0,0,0,0
94,2,15,2,32,36,0,0,1,0,0,1,0,1,0,0,1,0,0,0,0,0,0,0,0,0,0
95,2,16,2,40,45,0,0,1,1,1,0,0,0,0,0,1,0,0,0,0,0,0,0,0,0,0
96,2,17,2,40,45,0,0,1,1,1,1,0,1,0,0,1,0,0,0,0,0,0,0,0,0,0
97,2,18,2,40,45,0,0,1,1,1,0,1,0,0,0,1,0,0,0,0,0,0,0,0,0,0
98,2,19,2,48,54,0,0,1,1,1,1,0,0,0,0,1,0,0,0,0,0,0,0,0,0,0
99,2,20,2,48,54,0,0,1,1,1,1,0,1,0,0,1,0,0,0,0,0,0,0,0,0,0
100,2,21,2,48,54,0,0,1,1,1,0,0,0,0,0,1,0,0,0,0,0,0,0,0,0,0
101,2,22,2,48,54,0,0,1,1,1,1,0,0,0,0,1,0,0,0,0,0,0,0,0,0,0
102,2,23,2,48,54,0,0,1,1,1,0,0,1,0,0,1,0,0,0,0,0,0,0,0,0,0
103,2,24,2,56,63,0,0,1,1,1,1,0,0,0,0,1,0,0,0,0,0,0,0,0,0,0
104,2,25,2,56,63,0,0,1,2,0,2,0,0,0,0,1,0,0,0,0,0,0,0,0,0,0
105,2,26,2,56,63,0,0,1,1,1,0,0,1,0,0,1,0,0,0,0,0,0,0,0,0,0
106,2,27,2,56,63,0,0,1,1,1,1,0,0,0,0,1,0,0,0,0,0,0,0,0,0,0
107,2,28,2,56,63,0,0,1,1,1,0,1,1,0,0,1,0,0,0,0,0,0,0,0,0,0
108,2,29,2,64,72,0,0,1,1,1,1,0,0,0,0,1,0,0,0,0,0,0,0,0,0,0
109,2,30,2,64,72,0,0,1,1,1,0,0,1,0,0,1,0,0,0,0,0,0,0,0,0,0
110,2,31,2,64,72,0,0,1,2,0,2,0,0,0,0,1,0,0,0,0,0,0,0,0,0,0
111,2,32,2,64,72,0,0,1,1,1,0,0,1,0,0,1,0,0,0,0,0,0,0,0,0,0
112,2,33,2,72,81,0,0,1,1,1,1,0,0,0,0,1,0,0,0,0,0,0,0,0,0,0
113,2,34,2,72,81,0,0,1,1,1,0,0,0,0,0,1,0,0,0,0,0,0,0,0,0,0
114,2,35,2,72,81,0,0,1,1,0,1,0,1,0,0,1,0,0,0,0,0,0,0,0,0,0
115,2,36,2,72,81,0,0,1,2,2,0,0,0,0,0,1,0,0,0,0,0,0,0,0,0,0
116,2,37,2,72,81,0,0,1,1,1,1,0,0,0,0,1,0,0,0,0,0,0,0,0,0,0
117,2,38,2,72,81,0,0,1,1,1,0,1,1,0,0,1,0,0,0,0,0,0,0,0,0,0
118,2,39,2,72,81,0,0,1,1,1,1,0,0,0,0,1,0,0,0,0,0,0,0,0,0,0
119,2,40,2,72,81,0,0,1,1,1,0,0,1,0,0,1,0,0,0,0,0,0,0,0,0,0
120,2,41,2,96,108,0,0,1,2,0,2,0,0,0,0,1,0,0,0,0,0,0,0,0,0,0
121,2,42,2,96,108,0,0,1,1,1,0,0,1,0,0,1,0,0,0,0,0,0,0,0,0,0
122,2,43,2,96,108,0,0,1,1,0,1,0,0,0,0,1,0,0,0,0,0,0,0,0,0,0
123,2,44,2,96,108,0,0,1,2,2,0,0,2,0,0,1,0,0,0,0,0,0,0,0,0,0
124,2,45,2,96,108,0,0,1,1,1,1,0,0,0,0,1,0,0,0,0,0,0,0,0,0,0
125,2,46,2,96,108,0,0,1,1,1,0,0,1,0,0,1,0,0,0,0,0,0,0,0,0,0
126,2,47,2,104,117,0,0,1,2,0,2,0,0,0,0,1,0,0,0,0,0,0,0,0,0,0
127,2,48,2,104,117,0,0,1,1,1,0,1,1,0,0,1,0,0,0,0,0,0,0,0,0,0
128,2,49,2,104,117,0,0,1,1,1,1,0,0,0,0,1,0,0,0,0,0,0,0,0,0,0
129,2,50,2,104,117,0,0,1,2,2,0,0,2,0,0,1,0,0,0,0,0,0,0,0,0,0
130,2,51,2,104,117,0,0,1,1,0,1,0,0,0,0,1,0,0,0,0,0,0,0,0,0,0
131,2,52,2,104,117,0,0,1,1,1,1,0,0,0,0,1,0,0,0,0,0,0,0,0,0,0
132,2,53,2,104,117,0,0,1,1,1,0,0,1,0,0,1,0,0,0,0,0,0,0,0,0,0
133,2,54,2,104,117,0,0,1,1,1,1,0,0,0,0,1,0,0,0,0,0,0,0,0,0,0
134,2,55,2,104,117,0,0,1,0,1,0,0,1,0,0,1,0,0,0,0,0,0,0,0,0,0
135,2,56,2,104,117,0,0,1,1,1,1,0,0,0,0,1,0,0,0,0,0,0,0,0,0,0
136,2,57,2,104,117,0,0,1,1,1,1,0,0,0,0,1,0,0,0,0,0,0,0,0,0,0
137,2,58,2,104,117,0,0,1,1,1,0,0,1,0,0,1,0,0,0,0,0,0,0,0,0,0
138,2,59,2,104,117,0,0,1,1,1,1,1,0,0,0,1,0,0,0,0,0,0,0,0,0,0
139,2,60,2,104,117,0,0,1,1,1,0,0,1,0,0,1,0,0,0,0,0,0,0,0,0,0
140,2,61,2,104,117,0,0,1,0,0,1,0,0,0,0,1,0,0,0,0,0,0,0,0,0,0
141,2,62,2,104,117,0,0,1,1,1,1,0,0,0,0,1,0,0,0,0,0,0,0,0,0,0
142,2,63,2,104,117,0,0,1,1,1,0,0,1,0,0,1,0,0,0,0,0,0,0,0,0,0
143,2,64,2,104,117,0,0,1,1,1,1,0,0,0,0,1,0,0,0,0,0,0,0,0,0,0
144,2,65,2,104,117,0,0,1,1,1,0,0,1,0,0,1,0,0,0,0,0,0,0,0,0,0
145,2,66,2,104,117,0,0,1,1,1,1,0,0,0,0,1,0,0,0,0,0,0,0,0,0,0
146,2,67,2,104,117,0,0,1,1,1,1,0,0,0,0,1,0,0,0,0,0,0,0,0,0,0
147,2,68,2,104,117,0,0,1,1,1,0,0,1,0,0,1,0,0,0,0,0,0,0,0,0,0
148,2,69,2,104,117,0,0,1,1,1,1,1,0,0,0,1,0,0,0,0,0,0,0,0,0,0
149,2,70,2,120,135,0,0,1,1,1,0,0,1,0,0,1,0,0,0,0,0,0,0,0,0,0
150,2,71,2,120,135,0,0,2,0,0,0,0,0,0,0,1,0,0,0,0,0,0,0,0,0,0
151,2,72,2,120,135,0,0,2,0,0,0,0,0,0,0,1,0,0,0,0,0,0,0,0,0,0
152,2,73,2,120,135,0,0,2,0,0,0,0,0,0,0,1,0,0,0,0,0,0,0,0,0,0
153,2,74,2,120,135,0,0,2,0,0,0,0,0,0,0,1,0,0,0,0,0,0,0,0,0,0
154,2,75,2,120,135,0,0,2,0,0,0,0,0,0,0,1,0,0,0,0,0,0,0,0,0,0
155,2,76,2,120,135,0,0,2,0,0,0,0,0,0,0,1,0,0,0,0,0,0,0,0,0,0
156,2,77,2,120,135,0,0,2,0,0,0,0,0,0,0,1,0,0,0,0,0,0,0,0,0,0
157,2,78,2,120,135,0,0,2,0,0,0,0,0,0,0,1,0,0,0,0,0,0,0,0,0,0
158,2,79,2,120,135,0,0,2,0,0,0,0,0,0,0,1,0,0,0,0,0,0,0,0,0,0
159,2,80,2,120,135,0,0,2,0,0,0,0,0,0,0,1,0,0,0,0,0,0,0,0,0,0
160,2,81,2,120,135,0,0,2,0,0,0,0,0,0,0,1,0,0,0,0,0,0,0,0,0,0
161,2,82,2,120,135,0,0,2,0,0,0,0,0,0,0,1,0,0,0,0,0,0,0,0,0,0
162,2,83,2,120,135,0,0,2,0,0,0,0,0,0,0,1,0,0,0,0,0,0,0,0,0,0
163,2,84,2,120,135,0,0,2,0,0,0,0,0,0,0,1,0,0,0,0,0,0,0,0,0,0
164,2,85,2,120,135,0,0,2,0,0,0,0,0,0,0,1,0,0,0,0,0,0,0,0,0,0
165,2,86,2,120,135,0,0,2,0,0,0,0,0,0,0,1,0,0,0,0,0,0,0,0,0,0
166,2,87,2,120,135,0,0,2,0,0,0,0,0,0,0,1,0,0,0,0,0,0,0,0,0,0
167,2,88,2,120,135,0,0,2,0,0,0,0,0,0,0,1,0,0,0,0,0,0,0,0,0,0
168,2,89,2,120,135,0,0,2,0,0,0,0,0,0,0,1,0,0,0,0,0,0,0,0,0,0
169,2,90,2,120,135,0,0,2,0,0,0,0,0,0,0,1,0,0,0,0,0,0,0,0,0,0
170,2,91,2,120,135,0,0,2,0,0,0,0,0,0,0,1,0,0,0,0,0,0,0,0,0,0
171,2,92,2,120,135,0,0,2,0,0,0,0,0,0,0,1,0,0,0,0,0,0,0,0,0,0
172,2,93,2,120,135,0,0,2,0,0,0,0,0,0,0,1,0,0,0,0,0,0,0,0,0,0
173,2,94,2,120,135,0,0,2,0,0,0,0,0,0,0,1,0,0,0,0,0,0,0,0,0,0
174,2,95,2,120,135,0,0,2,0,0,0,0,0,0,0,1,0,0,0,0,0,0,0,0,0,0
175,2,96,2,120,135,0,0,2,0,0,0,0,0,0,0,1,0,0,0,0,0,0,0,0,0,0
176,2,97,2,120,135,0,0,2,0,0,0,0,0,0,0,1,0,0,0,0,0,0,0,0,0,0
177,2,98,2,120,135,0,0,2,0,0,0,0,0,0,0,1,0,0,0,0,0,0,0,0,0,0
178,2,99,2,120,135,0,0,2,0,0,0,0,0,0,0,1,0,0,0,0,0,0,0,0,0,0
179,3,11,2,24,27,8,9,1,1,1,1,0,1,0,0,1,0,0,0,0,0,0,0,0,0,0
180,3,12,2,24,27,8,9,1,1,1,0,0,1,0,0,1,0,0,0,0,0,0,0,0,0,0
181,3,13,2,24,27,8,9,1,1,0,1,0,1,0,0,1,0,0,0,0,0,0,0,0,0,0
182,3,14,2,32,36,8,9,1,0,1,0,1,1,0,0,1,0,0,0,0,0,0,0,0,0,0
183,3,15,2,32,36,8,9,1,1,0,1,0,0,0,0,1,0,0,0,0,0,0,0,0,0,0
184,3,16,2,32,36,8,9,1,1,1,0,0,1,0,0,1,0,0,0,0,0,0,0,0,0,0
185,3,17,2,32,36,8,9,1,1,1,0,0,1,0,0,1,0,0,0,0,0,0,0,0,0,0
186,3,18,2,32,36,8,9,1,1,0,1,0,1,0,0,1,0,0,0,0,0,0,0,0,0,0
187,3,19,2,32,36,8,9,1,0,1,0,1,1,0,0,1,0,0,0,0,0,0,0,0,0,0
188,3,20,2,40,45,8,9,1,1,0,1,0,1,0,0,1,0,0,0,0,0,0,0,0,0,0
189,3,21,2,40,45,8,9,1,1,1,0,0,1,0,0,1,0,0,0,0,0,0,0,0,0,0
190,3,22,2,40,45,8,9,1,1,1,0,0,1,0,0,1,0,0,0,0,0,0,0,0,0,0
191,3,23,2,40,45,8,9,1,1,0,1,0,1,0,0,1,0,0,0,0,0,0,0,0,0,0
192,3,24,2,40,45,8,9,1,0,1,0,1,1,0,0,1,0,0,0,0,0,0,0,0,0,0
193,3,25,2,48,54,8,9,1,1,0,1,0,1,0,0,1,0,0,0,0,0,0,0,0,0,0
194,3,26,2,48,54,8,9,1,1,1,0,0,1,0,0,1,0,0,0,0,0,0,0,0,0,0
195,3,27,2,48,54,8,9,1,1,1,0,0,1,0,0,1,0,0,0,0,0,0,0,0,0,0
196,3,28,2,48,54,8,9,1,1,0,1,0,1,0,0,1,0,0,0,0,0,0,0,0,0,0
197,3,29,2,48,54,8,9,1,0,1,0,1,1,0,0,1,0,0,0,0,0,0,0,0,0,0
198,3,30,2,48,54,8,9,1,1,0,1,0,1,0,0,1,0,0,0,0,0,0,0,0,0,0
199,3,31,2,48,54,8,9,1,1,1,0,0,1,0,0,1,0,0,0,0,0,0,0,0,0,0
200,3,32,2,48,54,8,9,1,1,1,0,0,1,0,0,1,0,0,0,0,0,0,0,0,0,0
201,3,33,2,56,63,8,9,1,1,0,1,0,1,0,0,1,0,0,0,0,0,0,0,0,0,0
202,3,34,2,56,63,8,9,1,0,1,0,1,1,0,0,1,0,0,0,0,0,0,0,0,0,0
203,3,35,2,56,63,8,9,1,1,0,1,0,1,0,0,1,0,0,0,0,0,0,0,0,0,0
204,3,36,2,64,72,8,9,1,1,1,0,0,1,0,0,1,0,0,0,0,0,0,0,0,0,0
205,3,37,2,64,72,8,9,1,1,1,0,0,1,0,0,1,0,0,0,0,0,0,0,0,0,0
206,3,38,2,64,72,8,9,1,1,0,1,0,1,0,0,1,0,0,0,0,0,0,0,0,0,0
207,3,39,2,72,81,8,9,1,1,1,0,1,1,0,0,1,0,0,0,0,0,0,0,0,0,0
208,3,40,2,72,81,8,9,1,0,0,0,0,2,0,0,1,0,0,0,0,0,0,0,0,0,0
209,3,41,2,72,81,8,9,1,1,1,1,0,1,0,0,1,0,0,0,0,0,0,0,0,0,0
210,3,42,2,72,81,8,9,1,1,1,0,0,1,0,0,1,0,0,0,0,0,0,0,0,0,0
211,3,43,2,72,81,8,9,1,1,0,1,0,1,0,0,1,0,0,0,0,0,0,0,0,0,0
212,3,44,2,72,81,8,9,1,1,1,0,1,1,0,0,1,0,0,0,0,0,0,0,0,0,0
213,3,45,2,72,81,8,9,1,0,0,0,0,2,0,0,1,0,0,0,0,0,0,0,0,0,0
214,3,46,2,72,81,8,9,1,1,1,1,0,1,0,0,1,0,0,0,0,0,0,0,0,0,0
215,3,47,2,80,90,8,9,1,1,1,0,0,1,0,0,1,0,0,0,0,0,0,0,0,0,0
216,3,48,2,80,90,8,9,1,1,0,1,0,1,0,0,1,0,0,0,0,0,0,0,0,0,0
217,3,49,2,80,90,8,9,1,1,1,0,1,1,0,0,1,0,0,0,0,0,0,0,0,0,0
218,3,50,2,80,90,8,9,1,0,0,0,0,2,0,0,1,0,0,0,0,0,0,0,0,0,0
219,3,51,2,80,90,8,9,1,0,1,1,0,1,0,0,1,0,0,0,0,0,0,0,0,0,0
220,3,52,2,80,90,8,9,1,1,1,0,0,0,0,0,1,0,0,0,0,0,0,0,0,0,0
221,3,53,2,80,90,8,9,1,0,0,1,0,1,0,0,1,0,0,0,0,0,0,0,0,0,0
222,3,54,2,80,90,8,9,1,1,1,0,1,1,0,0,1,0,0,0,0,0,0,0,0,0,0
223,3,55,2,80,90,8,9,1,0,0,0,0,0,0,0,1,0,0,0,0,0,0,0,0,0,0
224,3,56,2,80,90,8,9,1,0,1,1,0,1,0,0,1,0,0,0,0,0,0,0,0,0,0
225,3,57,2,80,90,8,9,1,1,1,0,0,0,0,0,1,0,0,0,0,0,0,0,0,0,0
226,3,58,2,80,90,8,9,1,0,0,1,0,1,0,0,1,0,0,0,0,0,0,0,0,0,0
227,3,59,2,80,90,8,9,1,1,1,0,1,0,0,0,1,0,0,0,0,0,0,0,0,0,0
228,3,60,2,88,99,8,9,1,0,0,0,0,1,0,0,1,0,0,0,0,0,0,0,0,0,0
229,3,61,2,88,99,8,9,1,0,1,1,0,0,0,0,1,0,0,0,0,0,0,0,0,0,0
230,3,62,2,88,99,8,9,1,1,1,0,0,1,0,0,1,0,0,0,0,0,0,0,0,0,0
231,3,63,2,88,99,8,9,1,0,0,1,0,0,0,0,1,0,0,0,0,0,0,0,0,0,0
232,3,64,2,88,99,8,9,1,1,1,0,1,1,0,0,1,0,0,0,0,0,0,0,0,0,0
233,3,65,2,88,99,8,9,1,0,0,0,0,0,0,0,1,0,0,0,0,0,0,0,0,0,0
234,3,66,2,88,99,8,9,1,0,1,1,0,1,0,0,1,0,0,0,0,0,0,0,0,0,0
235,3,67,2,88,99,8,9,1,1,1,0,0,0,0,0,1,0,0,0,0,0,0,0,0,0,0
236,3,68,2,88,99,8,9,1,0,0,1,0,1,0,0,1,0,0,0,0,0,0,0,0,0,0
237,3,69,2,88,99,8,9,1,0,1,0,1,0,0,0,1,0,0,0,0,0,0,0,0,0,0
238,3,70,2,96,108,8,9,1,1,0,0,0,1,0,0,1,0,0,0,0,0,0,0,0,0,0
239,3,71,2,96,108,8,9,2,0,0,0,0,0,0,0,1,0,0,0,0,0,0,0,0,0,0
240,3,72,2,96,108,8,9,2,0,0,0,0,0,0,0,1,0,0,0,0,0,0,0,0,0,0
241,3,73,2,96,108,8,9,2,0,0,0,0,0,0,0,1,0,0,0,0,0,0,0,0,0,0
242,3,74,2,96,108,8,9,2,0,0,0,0,0,0,0,1,0,0,0,0,0,0,0,0,0,0
243,3,75,2,96,108,8,9,2,0,0,0,0,0,0,0,1,0,0,0,0,0,0,0,0,0,0
244,3,76,2,96,108,8,9,2,0,0,0,0,0,0,0,1,0,0,0,0,0,0,0,0,0,0
245,3,77,2,96,108,8,9,2,0,0,0,0,0,0,0,1,0,0,0,0,0,0,0,0,0,0
246,3,78,2,96,108,8,9,2,0,0,0,0,0,0,0,1,0,0,0,0,0,0,0,0,0,0
247,3,79,2,96,108,8,9,2,0,0,0,0,0,0,0,1,0,0,0,0,0,0,0,0,0,0
248,3,80,2,96,108,8,9,2,0,0,0,0,0,0,0,1,0,0,0,0,0,0,0,0,0,0
249,3,81,2,96,108,8,9,2,0,0,0,0,0,0,0,1,0,0,0,0,0,0,0,0,0,0
250,3,82,2,96,108,8,9,2,0,0,0,0,0,0,0,1,0,0,0,0,0,0,0,0,0,0
251,3,83,2,96,108,8,9,2,0,0,0,0,0,0,0,1,0,0,0,0,0,0,0,0,0,0
252,3,84,2,96,108,8,9,2,0,0,0,0,0,0,0,1,0,0,0,0,0,0,0,0,0,0
253,3,85,2,96,108,8,9,2,0,0,0,0,0,0,0,1,0,0,0,0,0,0,0,0,0,0
254,3,86,2,96,108,8,9,2,0,0,0,0,0,0,0,1,0,0,0,0,0,0,0,0,0,0
255,3,87,2,96,108,8,9,2,0,0,0,0,0,0,0,1,0,0,0,0,0,0,0,0,0,0
256,3,88,2,96,108,8,9,2,0,0,0,0,0,0,0,1,0,0,0,0,0,0,0,0,0,0
257,3,89,2,96,108,8,9,2,0,0,0,0,0,0,0,1,0,0,0,0,0,0,0,0,0,0
258,3,90,2,96,108,8,9,2,0,0,0,0,0,0,0,1,0,0,0,0,0,0,0,0,0,0
259,3,91,2,96,108,8,9,2,0,0,0,0,0,0,0,1,0,0,0,0,0,0,0,0,0,0
260,3,92,2,96,108,8,9,2,0,0,0,0,0,0,0,1,0,0,0,0,0,0,0,0,0,0
261,3,93,2,96,108,8,9,2,0,0,0,0,0,0,0,1,0,0,0,0,0,0,0,0,0,0
262,3,94,2,96,108,8,9,2,0,0,0,0,0,0,0,1,0,0,0,0,0,0,0,0,0,0
263,3,95,2,96,108,8,9,2,0,0,0,0,0,0,0,1,0,0,0,0,0,0,0,0,0,0
264,3,96,2,96,108,8,9,2,0,0,0,0,0,0,0,1,0,0,0,0,0,0,0,0,0,0
265,3,97,2,96,108,8,9,2,0,0,0,0,0,0,0,1,0,0,0,0,0,0,0,0,0,0
266,3,98,2,96,108,8,9,2,0,0,0,0,0,0,0,1,0,0,0,0,0,0,0,0,0,0
267,3,99,2,96,108,8,9,2,0,0,0,0,0,0,0,1,0,0,0,0,0,0,0,0,0,0
268,4,2,2,8,9,5,5,1,0,0,1,1,0,0,0,1,0,0,0,0,0,0,0,0,0,0
269,4,3,2,8,9,5,5,1,0,1,0,0,1,0,0,1,0,0,0,0,0,0,0,0,0,0
270,4,4,2,8,9,5,5,1,1,0,1,1,0,0,0,1,0,0,0,0,0,0,0,0,0,0
271,4,5,2,8,9,5,5,1,0,0,0,0,1,0,0,1,0,0,0,0,0,0,0,0,0,0
272,4,6,2,8,9,5,5,1,0,1,1,1,0,0,0,1,0,0,0,0,0,0,0,0,0,0
273,4,7,2,8,9,5,5,1,1,0,0,1,1,0,0,1,0,0,0,0,0,0,0,0,0,0
274,4,8,2,8,9,5,5,1,0,0,1,1,0,0,0,1,0,0,0,0,0,0,0,0,0,0
275,4,9,2,8,9,5,5,1,0,1,0,1,1,0,0,1,0,0,0,0,0,0,0,0,0,0
276,4,10,2,16,18,8,9,1,1,0,1,1,0,0,0,1,0,0,0,0,0,0,0,0,0,0
277,4,11,2,16,18,8,9,1,0,0,0,0,1,0,0,1,0,0,0,0,0,0,0,0,0,0
278,4,12,2,16,18,8,9,1,1,1,0,1,1,0,0,1,0,0,0,0,0,0,0,0,0,0
279,4,13,2,16,18,8,9,1,0,0,1,1,1,0,0,1,0,0,0,0,0,0,0,0,0,0
280,4,14,2,16,18,8,9,1,1,1,0,1,1,0,0,1,0,0,0,0,0,0,0,0,0,0
281,4,15,2,16,18,8,9,1,0,0,1,1,1,0,0,1,0,0,0,0,0,0,0,0,0,0
282,4,16,2,24,27,8,9,1,1,1,0,0,1,0,0,1,0,0,0,0,0,0,0,0,0,0
283,4,17,2,24,27,8,9,1,0,0,0,1,0,0,0,1,0,0,0,0,0,0,0,0,0,0
284,4,18,2,24,27,8,9,1,1,1,1,1,1,0,0,1,0,0,0,0,0,0,0,0,0,0
285,4,19,2,24,27,8,9,1,0,0,0,1,1,0,0,1,0,0,0,0,0,0,0,0,0,0
286,4,20,2,24,27,8,9,1,1,1,1,1,1,0,0,1,0,0,0,0,0,0,0,0,0,0
287,4,21,2,24,27,8,9,1,0,0,0,0,1,0,0,1,0,0,0,0,0,0,0,0,0,0
288,4,22,2,24,27,8,9,1,1,1,0,1,1,0,0,1,0,0,0,0,0,0,0,0,0,0
289,4,23,2,32,36,8,9,1,1,0,1,1,1,0,0,1,0,0,0,0,0,0,0,0,0,0
290,4,24,2,32,36,8,9,1,0,1,0,1,1,0,0,1,0,0,0,0,0,0,0,0,0,0
291,4,25,2,32,36,8,9,1,1,0,1,1,1,0,0,1,0,0,0,0,0,0,0,0,0,0
292,4,26,2,32,36,8,9,1,0,1,0,0,1,0,0,1,0,0,0,0,0,0,0,0,0,0
293,4,27,2,32,36,8,9,1,1,0,0,1,0,0,0,1,0,0,0,0,0,0,0,0,0,0
294,4,28,2,32,36,8,9,1,0,1,1,1,1,0,0,1,0,0,0,0,0,0,0,0,0,0
295,4,29,2,32,36,8,9,1,1,0,0,1,1,0,0,1,0,0,0,0,0,0,0,0,0,0
296,4,30,2,32,36,8,9,1,0,1,1,1,1,0,0,1,0,0,0,0,0,0,0,0,0,0
297,4,31,2,40,45,10,11,1,1,0,0,0,1,0,0,1,0,0,0,0,0,0,0,0,0,0
298,4,32,2,40,45,10,11,1,0,1,0,1,1,0,0,1,0,0,0,0,0,0,0,0,0,0
299,4,33,2,40,45,10,11,1,1,0,1,1,1,0,0,1,0,0,0,0,0,0,0,0,0,0
300,4,34,2,40,45,10,11,1,0,1,0,1,1,0,0,1,0,0,0,0,0,0,0,0,0,0
301,4,35,2,40,45,10,11,1,1,0,1,1,1,0,0,1,0,0,0,0,0,0,0,0,0,0
302,4,36,2,40,45,10,11,1,0,1,0,0,1,0,0,1,0,0,0,0,0,0,0,0,0,0
303,4,37,2,40,45,10,11,1,1,0,0,1,0,0,0,1,0,0,0,0,0,0,0,0,0,0
304,4,38,2,40,45,10,11,1,0,1,1,1,1,0,0,1,0,0,0,0,0,0,0,0,0,0
305,4,39,2,40,45,10,11,1,1,0,0,1,1,0,0,1,0,0,0,0,0,0,0,0,0,0
306,4,40,2,40,45,10,11,1,0,1,1,1,1,0,0,1,0,0,0,0,0,0,0,0,0,0
307,4,41,2,48,54,10,11,1,1,0,0,0,1,0,0,1,0,0,0,0,0,0,0,0,0,0
308,4,42,2,48,54,10,11,1,0,1,0,1,1,0,0,1,0,0,0,0,0,0,0,0,0,0
309,4,43,2,48,54,10,11,1,1,0,1,1,1,0,0,1,0,0,0,0,0,0,0,0,0,0
310,4,44,2,48,54,10,11,1,0,1,0,1,1,0,0,1,0,0,0,0,0,0,0,0,0,0
311,4,45,2,56,63,10,11,1,1,0,1,1,1,0,0,1,0,0,0,0,0,0,0,0,0,0
312,4,46,2,56,63,10,11,1,0,1,0,0,1,0,0,1,0,0,0,0,0,0,0,0,0,0
313,4,47,2,56,63,10,11,1,1,0,0,1,0,0,0,1,0,0,0,0,0,0,0,0,0,0
314,4,48,2,56,63,10,11,1,0,1,1,1,1,0,0,1,0,0,0,0,0,0,0,0,0,0
315,4,49,2,56,63,10,11,1,1,0,0,1,1,0,0,1,0,0,0,0,0,0,0,0,0,0
316,4,50,2,56,63,10,11,1,0,1,1,1,1,0,0,1,0,0,0,0,0,0,0,0,0,0
317,4,51,2,64,72,10,11,1,0,0,0,0,1,0,0,1,0,0,0,0,0,0,0,0,0,0
318,4,52,2,64,72,10,11,1,1,0,0,1,1,0,0,1,0,0,0,0,0,0,0,0,0,0
319,4,53,2,64,72,10,11,1,0,1,1,1,0,0,0,1,0,0,0,0,0,0,0,0,0,0
320,4,54,2,64,72,10,11,1,1,0,0,1,1,0,0,1,0,0,0,0,0,0,0,0,0,0
321,4,55,2,64,72,10,11,1,0,1,1,1,0,0,0,1,0,0,0,0,0,0,0,0,0,0
322,4,56,2,64,72,10,11,1,1,0,0,0,1,0,0,1,0,0,0,0,0,0,0,0,0,0
323,4,57,2,64,72,10,11,1,0,1,0,1,0,0,0,1,0,0,0,0,0,0,0,0,0,0
324,4,58,2,64,72,10,11,1,1,0,1,1,0,0,0,1,0,0,0,0,0,0,0,0,0,0
325,4,59,2,64,72,10,11,1,0,1,0,1,1,0,0,1,0,0,0,0,0,0,0,0,0,0
326,4,60,2,64,72,10,11,1,1,0,1,1,0,0,0,1,0,0,0,0,0,0,0,0,0,0
327,4,61,2,72,81,10,11,1,0,1,0,0,1,0,0,1,0,0,0,0,0,0,0,0,0,0
328,4,62,2,72,81,10,11,1,1,0,0,1,0,0,0,1,0,0,0,0,0,0,0,0,0,0
329,4,63,2,72,81,10,11,1,0,1,1,1,0,0,0,1,0,0,0,0,0,0,0,0,0,0
330,4,64,2,72,81,10,11,1,1,0,0,1,1,0,0,1,0,0,0,0,0,0,0,0,0,0
331,4,65,2,72,81,10,11,1,0,1,1,1,0,0,0,1,0,0,0,0,0,0,0,0,0,0
332,4,66,2,72,81,10,11,1,1,0,0,0,1,0,0,1,0,0,0,0,0,0,0,0,0,0
333,4,67,2,72,81,10,11,1,0,1,0,1,0,0,0,1,0,0,0,0,0,0,0,0,0,0
334,4,68,2,72,81,10,11,1,1,0,1,1,0,0,0,1,0,0,0,0,0,0,0,0,0,0
335,4,69,2,72,81,10,11,1,0,1,0,1,1,0,0,1,0,0,0,0,0,0,0,0,0,0
336,4,70,2,80,90,10,11,1,1,0,1,1,0,0,0,1,0,0,0,0,0,0,0,0,0,0
337,4,71,2,80,90,10,11,2,0,0,0,0,0,0,0,1,0,0,0,0,0,0,0,0,0,0
338,4,72,2,80,90,10,11,2,0,0,0,0,0,0,0,1,0,0,0,0,0,0,0,0,0,0
339,4,73,2,80,90,10,11,2,0,0,0,0,0,0,0,1,0,0,0,0,0,0,0,0,0,0
340,4,74,2,80,90,10,11,2,0,0,0,0,0,0,0,1,0,0,0,0,0,0,0,0,0,0
341,4,75,2,80,90,10,11,2,0,0,0,0,0,0,0,1,0,0,0,0,0,0,0,0,0,0
342,4,76,2,80,90,10,11,2,0,0,0,0,0,0,0,1,0,0,0,0,0,0,0,0,0,0
343,4,77,2,80,90,10,11,2,0,0,0,0,0,0,0,1,0,0,0,0,0,0,0,0,0,0
344,4,78,2,80,90,10,11,2,0,0,0,0,0,0,0,1,0,0,0,0,0,0,0,0,0,0
345,4,79,2,80,90,10,11,2,0,0,0,0,0,0,0,1,0,0,0,0,0,0,0,0,0,0
346,4,80,2,80,90,10,11,2,0,0,0,0,0,0,0,1,0,0,0,0,0,0,0,0,0,0
347,4,81,2,80,90,10,11,2,0,0,0,0,0,0,0,1,0,0,0,0,0,0,0,0,0,0
348,4,82,2,80,90,10,11,2,0,0,0,0,0,0,0,1,0,0,0,0,0,0,0,0,0,0
349,4,83,2,80,90,10,11,2,0,0,0,0,0,0,0,1,0,0,0,0,0,0,0,0,0,0
350,4,84,2,80,90,10,11,2,0,0,0,0,0,0,0,1,0,0,0,0,0,0,0,0,0,0
351,4,85,2,80,90,10,11,2,0,0,0,0,0,0,0,1,0,0,0,0,0,0,0,0,0,0
352,4,86,2,80,90,10,11,2,0,0,0,0,0,0,0,1,0,0,0,0,0,0,0,0,0,0
353,4,87,2,80,90,10,11,2,0,0,0,0,0,0,0,1,0,0,0,0,0,0,0,0,0,0
354,4,88,2,80,90,10,11,2,0,0,0,0,0,0,0,1,0,0,0,0,0,0,0,0,0,0
355,4,89,2,80,90,10,11,2,0,0,0,0,0,0,0,1,0,0,0,0,0,0,0,0,0,0
356,4,90,2,80,90,10,11,2,0,0,0,0,0,0,0,1,0,0,0,0,0,0,0,0,0,0
357,4,91,2,80,90,10,11,2,0,0,0,0,0,0,0,1,0,0,0,0,0,0,0,0,0,0
358,4,92,2,80,90,10,11,2,0,0,0,0,0,0,0,1,0,0,0,0,0,0,0,0,0,0
359,4,93,2,80,90,10,11,2,0,0,0,0,0,0,0,1,0,0,0,0,0,0,0,0,0,0
360,4,94,2,80,90,10,11,2,0,0,0,0,0,0,0,1,0,0,0,0,0,0,0,0,0,0
361,4,95,2,80,90,10,11,2,0,0,0,0,0,0,0,1,0,0,0,0,0,0,0,0,0,0
362,4,96,2,80,90,10,11,2,0,0,0,0,0,0,0,1,0,0,0,0,0,0,0,0,0,0
363,4,97,2,80,90,10,11,2,0,0,0,0,0,0,0,1,0,0,0,0,0,0,0,0,0,0
364,4,98,2,80,90,10,11,2,0,0,0,0,0,0,0,1,0,0,0,0,0,0,0,0,0,0
365,4,99,2,80,90,10,11,2,0,0,0,0,0,0,0,1,0,0,0,0,0,0,0,0,0,0
366,5,21,2,64,72,0,0,1,1,1,1,0,0,0,0,1,0,0,0,0,0,0,0,0,0,0
367,5,22,2,64,72,0,0,1,1,1,0,0,0,0,0,1,0,0,0,0,0,0,0,0,0,0
368,5,23,2,72,81,0,0,1,1,1,0,0,0,0,0,1,0,0,0,0,0,0,0,0,0,0
369,5,24,2,72,81,0,0,1,1,1,1,0,0,0,0,1,0,0,0,0,0,0,0,0,0,0
370,5,25,2,72,81,0,0,1,2,2,0,0,0,0,0,1,0,0,0,0,0,0,0,0,0,0
371,5,26,2,80,90,0,0,1,1,0,1,0,0,0,0,1,0,0,0,0,0,0,0,0,0,0
372,5,27,2,80,90,0,0,1,1,1,0,0,0,0,0,1,0,0,0,0,0,0,0,0,0,0
373,5,28,2,80,90,0,0,1,1,1,0,0,0,0,0,1,0,0,0,0,0,0,0,0,0,0
374,5,29,2,80,90,0,0,1,1,1,1,0,0,0,0,1,0,0,0,0,0,0,0,0,0,0
375,5,30,2,88,99,0,0,1,2,2,0,0,0,0,0,1,0,0,0,0,0,0,0,0,0,0
376,5,31,2,88,99,0,0,1,1,0,0,0,0,0,0,1,0,0,0,0,0,0,0,0,0,0
377,5,32,2,88,99,0,0,1,1,1,1,0,0,0,0,1,0,0,0,0,0,0,0,0,0,0
378,5,33,2,96,108,0,0,1,1,1,0,0,0,0,0,1,0,0,0,0,0,0,0,0,0,0
379,5,34,2,96,108,0,0,1,2,2,0,0,0,0,0,1,0,0,0,0,0,0,0,0,0,0
380,5,35,2,96,108,0,0,1,1,0,1,0,0,0,0,1,0,0,0,0,0,0,0,0,0,0
381,5,36,2,104,117,0,0,1,1,1,0,0,0,0,0,1,0,0,0,0,0,0,0,0,0,0
382,5,37,2,104,117,0,0,1,2,2,0,0,0,0,0,1,0,0,0,0,0,0,0,0,0,0
383,5,38,2,104,117,0,0,1,1,0,1,0,0,0,0,1,0,0,0,0,0,0,0,0,0,0
384,5,39,2,112,126,0,0,1,1,1,0,0,0,0,0,1,0,0,0,0,0,0,0,0,0,0
385,5,40,2,112,126,0,0,1,2,2,0,0,0,0,0,1,0,0,0,0,0,0,0,0,0,0
386,5,41,2,112,126,0,0,1,1,0,1,0,0,0,0,1,0,0,0,0,0,0,0,0,0,0
387,5,42,2,120,135,0,0,1,2,2,0,0,0,0,0,1,0,0,0,0,0,0,0,0,0,0
388,5,43,2,120,135,0,0,1,1,0,1,0,0,0,0,1,0,0,0,0,0,0,0,0,0,0
389,5,44,2,120,135,0,0,1,2,2,0,0,0,0,0,1,0,0,0,0,0,0,0,0,0,0
390,5,45,2,120,135,0,0,1,1,0,1,0,0,0,0,1,0,0,0,0,0,0,0,0,0,0
391,5,46,2,128,144,0,0,1,2,2,0,0,0,0,0,1,0,0,0,0,0,0,0,0,0,0
392,5,47,2,128,144,0,0,1,1,0,1,0,0,0,0,1,0,0,0,0,0,0,0,0,0,0
393,5,48,2,128,144,0,0,1,2,2,0,0,0,0,0,1,0,0,0,0,0,0,0,0,0,0
394,5,49,2,136,153,0,0,1,1,0,1,0,0,0,0,1,0,0,0,0,0,0,0,0,0,0
395,5,50,2,136,153,0,0,1,2,2,0,0,0,0,0,1,0,0,0,0,0,0,0,0,0,0
396,5,51,2,136,153,0,0,1,1,1,0,0,0,0,0,1,0,0,0,0,0,0,0,0,0,0
397,5,52,2,136,153,0,0,1,1,1,1,0,0,0,0,1,0,0,0,0,0,0,0,0,0,0
398,5,53,2,136,153,0,0,1,1,1,0,0,0,0,0,1,0,0,0,0,0,0,0,0,0,0
399,5,54,2,136,153,0,0,1,1,1,1,0,0,0,0,1,0,0,0,0,0,0,0,0,0,0
400,5,55,2,136,153,0,0,1,1,1,0,0,0,0,0,1,0,0,0,0,0,0,0,0,0,0
401,5,56,2,136,153,0,0,1,1,1,0,0,0,0,0,1,0,0,0,0,0,0,0,0,0,0
402,5,57,2,136,153,0,0,1,1,1,1,0,0,0,0,1,0,0,0,0,0,0,0,0,0,0
403,5,58,2,136,153,0,0,1,1,1,0,0,0,0,0,1,0,0,0,0,0,0,0,0,0,0
404,5,59,2,136,153,0,0,1,1,1,1,0,0,0,0,1,0,0,0,0,0,0,0,0,0,0
405,5,60,2,144,162,0,0,1,1,1,0,0,0,0,0,1,0,0,0,0,0,0,0,0,0,0
406,5,61,2,144,162,0,0,1,0,1,0,0,0,0,0,1,0,0,0,0,0,0,0,0,0,0
407,5,62,2,144,162,0,0,1,1,1,1,0,0,0,0,1,0,0,0,0,0,0,0,0,0,0
408,5,63,2,144,162,0,0,1,1,1,0,0,0,0,0,1,0,0,0,0,0,0,0,0,0,0
409,5,64,2,144,162,0,0,1,0,1,1,0,0,0,0,1,0,0,0,0,0,0,0,0,0,0
410,5,65,2,144,162,0,0,1,1,1,0,0,0,0,0,1,0,0,0,0,0,0,0,0,0,0
411,5,66,2,144,162,0,0,1,0,1,0,0,0,0,0,1,0,0,0,0,0,0,0,0,0,0
412,5,67,2,144,162,0,0,1,1,1,1,0,0,0,0,1,0,0,0,0,0,0,0,0,0,0
413,5,68,2,144,162,0,0,1,1,1,0,0,0,0,0,1,0,0,0,0,0,0,0,0,0,0
414,5,69,2,144,162,0,0,1,0,1,1,0,0,0,0,1,0,0,0,0,0,0,0,0,0,0
415,5,70,2,152,171,0,0,1,1,1,0,0,0,0,0,1,0,0,0,0,0,0,0,0,0,0
416,5,71,2,152,171,0,0,2,0,0,0,0,0,0,0,1,0,0,0,0,0,0,0,0,0,0
417,5,72,2,152,171,0,0,2,0,0,0,0,0,0,0,1,0,0,0,0,0,0,0,0,0,0
418,5,73,2,152,171,0,0,2,0,0,0,0,0,0,0,1,0,0,0,0,0,0,0,0,0,0
419,5,74,2,152,171,0,0,2,0,0,0,0,0,0,0,1,0,0,0,0,0,0,0,0,0,0
420,5,75,2,152,171,0,0,2,0,0,0,0,0,0,0,1,0,0,0,0,0,0,0,0,0,0
421,5,76,2,152,171,0,0,2,0,0,0,0,0,0,0,1,0,0,0,0,0,0,0,0,0,0
422,5,77,2,152,171,0,0,2,0,0,0,0,0,0,0,1,0,0,0,0,0,0,0,0,0,0
423,5,78,2,152,171,0,0,2,0,0,0,0,0,0,0,1,0,0,0,0,0,0,0,0,0,0
424,5,79,2,152,171,0,0,2,0,0,0,0,0,0,0,1,0,0,0,0,0,0,0,0,0,0
425,5,80,2,152,171,0,0,2,0,0,0,0,0,0,0,1,0,0,0,0,0,0,0,0,0,0
426,5,81,2,152,171,0,0,2,0,0,0,0,0,0,0,1,0,0,0,0,0,0,0,0,0,0
427,5,82,2,152,171,0,0,2,0,0,0,0,0,0,0,1,0,0,0,0,0,0,0,0,0,0
428,5,83,2,152,171,0,0,2,0,0,0,0,0,0,0,1,0,0,0,0,0,0,0,0,0,0
429,5,84,2,152,171,0,0,2,0,0,0,0,0,0,0,1,0,0,0,0,0,0,0,0,0,0
430,5,85,2,152,171,0,0,2,0,0,0,0,0,0,0,1,0,0,0,0,0,0,0,0,0,0
431,5,86,2,152,171,0,0,2,0,0,0,0,0,0,0,1,0,0,0,0,0,0,0,0,0,0
432,5,87,2,152,171,0,0,2,0,0,0,0,0,0,0,1,0,0,0,0,0,0,0,0,0,0
433,5,88,2,152,171,0,0,2,0,0,0,0,0,0,0,1,0,0,0,0,0,0,0,0,0,0
434,5,89,2,152,171,0,0,2,0,0,0,0,0,0,0,1,0,0,0,0,0,0,0,0,0,0
435,5,90,2,152,171,0,0,2,0,0,0,0,0,0,0,1,0,0,0,0,0,0,0,0,0,0
436,5,91,2,152,171,0,0,2,0,0,0,0,0,0,0,1,0,0,0,0,0,0,0,0,0,0
437,5,92,2,152,171,0,0,2,0,0,0,0,0,0,0,1,0,0,0,0,0,0,0,0,0,0
438,5,93,2,152,171,0,0,2,0,0,0,0,0,0,0,1,0,0,0,0,0,0,0,0,0,0
439,5,94,2,152,171,0,0,2,0,0,0,0,0,0,0,1,0,0,0,0,0,0,0,0,0,0
440,5,95,2,152,171,0,0,2,0,0,0,0,0,0,0,1,0,0,0,0,0,0,0,0,0,0
441,5,96,2,152,171,0,0,2,0,0,0,0,0,0,0,1,0,0,0,0,0,0,0,0,0,0
442,5,97,2,152,171,0,0,2,0,0,0,0,0,0,0,1,0,0,0,0,0,0,0,0,0,0
443,5,98,2,152,171,0,0,2,0,0,0,0,0,0,0,1,0,0,0,0,0,0,0,0,0,0
444,5,99,2,152,171,0,0,2,0,0,0,0,0,0,0,1,0,0,0,0,0,0,0,0,0,0
445,6,21,2,24,27,0,0,1,0,0,0,0,0,0,0,1,0,0,0,0,0,0,0,0,0,0
446,6,22,2,24,27,0,0,1,0,0,1,0,0,0,0,1,0,0,0,0,0,0,0,0,0,0
447,6,23,2,24,27,0,0,1,0,0,0,0,0,0,0,1,0,0,0,0,0,0,0,0,0,0
448,6,24,2,24,27,0,0,1,0,0,0,0,0,0,0,1,0,0,0,0,0,0,0,0,0,0
449,6,25,2,24,27,0,0,1,0,0,0,0,0,0,0,1,0,0,0,0,0,0,0,0,0,0
450,6,26,2,24,27,0,0,1,0,0,0,0,0,0,0,1,0,0,0,0,0,0,0,0,0,0
451,6,27,2,24,27,0,0,1,0,0,1,0,0,0,0,1,0,0,0,0,0,0,0,0,0,0
452,6,28,2,24,27,0,0,1,0,0,0,0,0,0,0,1,0,0,0,0,0,0,0,0,0,0
453,6,29,2,24,27,0,0,1,0,0,0,0,0,0,0,1,0,0,0,0,0,0,0,0,0,0
454,6,30,2,24,27,0,0,1,0,0,1,0,0,0,0,1,0,0,0,0,0,0,0,0,0,0
455,6,31,2,24,27,0,0,1,0,0,0,0,0,0,0,1,0,0,0,0,0,0,0,0,0,0
456,6,32,2,24,27,0,0,1,0,0,1,0,0,0,0,1,0,0,0,0,0,0,0,0,0,0
457,6,33,2,24,27,0,0,1,0,0,0,0,0,0,0,1,0,0,0,0,0,0,0,0,0,0
458,6,34,2,24,27,0,0,1,0,0,1,0,0,0,0,1,0,0,0,0,0,0,0,0,0,0
459,6,35,2,24,27,0,0,1,0,0,0,0,0,0,0,1,0,0,0,0,0,0,0,0,0,0
460,6,36,2,24,27,0,0,1,0,0,1,0,0,0,0,1,0,0,0,0,0,0,0,0,0,0
461,6,37,2,24,27,0,0,1,0,0,0,0,0,0,0,1,0,0,0,0,0,0,0,0,0,0
462,6,38,2,24,27,0,0,1,0,0,1,0,0,0,0,1,0,0,0,0,0,0,0,0,0,0
463,6,39,2,24,27,0,0,1,0,0,0,0,0,0,0,1,0,0,0,0,0,0,0,0,0,0
464,6,40,2,24,27,0,0,1,0,0,1,0,0,0,0,1,0,0,0,0,0,0,0,0,0,0
465,6,41,2,24,27,0,0,1,0,0,0,0,0,0,0,1,0,0,0,0,0,0,0,0,0,0
466,6,42,2,24,27,0,0,1,0,0,1,0,0,0,0,1,0,0,0,0,0,0,0,0,0,0
467,6,43,2,24,27,0,0,1,0,0,0,1,1,0,0,1,0,0,0,0,0,0,0,0,0,0
468,6,44,2,24,27,0,0,1,0,0,1,0,0,0,0,1,0,0,0,0,0,0,0,0,0,0
469,6,45,2,24,27,0,0,1,0,0,0,1,1,0,0,1,0,0,0,0,0,0,0,0,0,0
470,6,46,2,24,27,0,0,1,0,0,1,0,0,0,0,1,0,0,0,0,0,0,0,0,0,0
471,6,47,2,24,27,0,0,1,0,0,0,1,1,0,0,1,0,0,0,0,0,0,0,0,0,0
472,6,48,2,24,27,0,0,1,0,0,1,0,0,0,0,1,0,0,0,0,0,0,0,0,0,0
473,6,49,2,24,27,0,0,1,0,0,0,0,0,0,0,1,0,0,0,0,0,0,0,0,0,0
474,6,50,2,24,27,0,0,1,0,0,1,1,1,0,0,1,0,0,0,0,0,0,0,0,0,0
475,6,51,2,24,27,0,0,1,0,0,0,0,0,0,0,1,0,0,0,0,0,0,0,0,0,0
476,6,52,2,24,27,0,0,1,0,0,1,0,0,0,0,1,0,0,0,0,0,0,0,0,0,0
477,6,53,2,24,27,0,0,1,0,0,0,0,0,0,0,1,0,0,0,0,0,0,0,0,0,0
478,6,54,2,24,27,0,0,1,0,0,0,1,1,0,0,1,0,0,0,0,0,0,0,0,0,0
479,6,55,2,24,27,0,0,1,0,0,0,0,0,0,0,1,0,0,0,0,0,0,0,0,0,0
480,6,56,2,24,27,0,0,1,0,0,1,0,0,0,0,1,0,0,0,0,0,0,0,0,0,0
481,6,57,2,24,27,0,0,1,0,0,0,0,0,0,0,1,0,0,0,0,0,0,0,0,0,0
482,6,58,2,24,27,0,0,1,0,0,0,1,1,0,0,1,0,0,0,0,0,0,0,0,0,0
483,6,59,2,24,27,0,0,1,0,0,0,0,0,0,0,1,0,0,0,0,0,0,0,0,0,0
484,6,60,2,24,27,0,0,1,0,0,1,0,0,0,0,1,0,0,0,0,0,0,0,0,0,0
485,6,61,2,24,27,0,0,1,0,0,0,0,0,0,0,1,0,0,0,0,0,0,0,0,0,0
486,6,62,2,24,27,0,0,1,0,0,0,1,1,0,0,1,0,0,0,0,0,0,0,0,0,0
487,6,63,2,24,27,0,0,1,0,0,0,0,0,0,0,1,0,0,0,0,0,0,0,0,0,0
488,6,64,2,24,27,0,0,1,0,0,1,0,0,0,0,1,0,0,0,0,0,0,0,0,0,0
489,6,65,2,24,27,0,0,1,0,0,0,0,0,0,0,1,0,0,0,0,0,0,0,0,0,0
490,6,66,2,24,27,0,0,1,0,0,0,1,1,0,0,1,0,0,0,0,0,0,0,0,0,0
491,6,67,2,24,27,0,0,1,0,0,0,0,0,0,0,1,0,0,0,0,0,0,0,0,0,0
492,6,68,2,24,27,0,0,1,0,0,1,0,0,0,0,1,0,0,0,0,0,0,0,0,0,0
493,6,69,2,24,27,0,0,1,0,0,0,0,0,0,0,1,0,0,0,0,0,0,0,0,0,0
494,6,70,2,24,27,0,0,1,0,0,0,0,0,0,0,1,0,0,0,0,0,0,0,0,0,0
495,6,71,2,24,27,0,0,2,0,0,0,0,0,0,0,1,0,0,0,0,0,0,0,0,0,0
496,6,72,2,24,27,0,0,2,0,0,0,0,0,0,0,1,0,0,0,0,0,0,0,0,0,0
497,6,73,2,24,27,0,0,2,0,0,0,0,0,0,0,1,0,0,0,0,0,0,0,0,0,0
498,6,74,2,24,27,0,0,2,0,0,0,0,0,0,0,1,0,0,0,0,0,0,0,0,0,0
499,6,75,2,24,27,0,0,2,0,0,0,0,0,0,0,1,0,0,0,0,0,0,0,0,0,0
500,6,76,2,24,27,0,0,2,0,0,0,0,0,0,0,1,0,0,0,0,0,0,0,0,0,0
501,6,77,2,24,27,0,0,2,0,0,0,0,0,0,0,1,0,0,0,0,0,0,0,0,0,0
502,6,78,2,24,27,0,0,2,0,0,0,0,0,0,0,1,0,0,0,0,0,0,0,0,0,0
503,6,79,2,24,27,0,0,2,0,0,0,0,0,0,0,1,0,0,0,0,0,0,0,0,0,0
504,6,80,2,24,27,0,0,2,0,0,0,0,0,0,0,1,0,0,0,0,0,0,0,0,0,0
505,6,81,2,24,27,0,0,2,0,0,0,0,0,0,0,1,0,0,0,0,0,0,0,0,0,0
506,6,82,2,24,27,0,0,2,0,0,0,0,0,0,0,1,0,0,0,0,0,0,0,0,0,0
507,6,83,2,24,27,0,0,2,0,0,0,0,0,0,0,1,0,0,0,0,0,0,0,0,0,0
508,6,84,2,24,27,0,0,2,0,0,0,0,0,0,0,1,0,0,0,0,0,0,0,0,0,0
509,6,85,2,24,27,0,0,2,0,0,0,0,0,0,0,1,0,0,0,0,0,0,0,0,0,0
510,6,86,2,24,27,0,0,2,0,0,0,0,0,0,0,1,0,0,0,0,0,0,0,0,0,0
511,6,87,2,24,27,0,0,2,0,0,0,0,0,0,0,1,0,0,0,0,0,0,0,0,0,0
512,6,88,2,24,27,0,0,2,0,0,0,0,0,0,0,1,0,0,0,0,0,0,0,0,0,0
513,6,89,2,24,27,0,0,2,0,0,0,0,0,0,0,1,0,0,0,0,0,0,0,0,0,0
514,6,90,2,24,27,0,0,2,0,0,0,0,0,0,0,1,0,0,0,0,0,0,0,0,0,0
515,6,91,2,24,27,0,0,2,0,0,0,0,0,0,0,1,0,0,0,0,0,0,0,0,0,0
516,6,92,2,24,27,0,0,2,0,0,0,0,0,0,0,1,0,0,0,0,0,0,0,0,0,0
517,6,93,2,24,27,0,0,2,0,0,0,0,0,0,0,1,0,0,0,0,0,0,0,0,0,0
518,6,94,2,24,27,0,0,2,0,0,0,0,0,0,0,1,0,0,0,0,0,0,0,0,0,0
519,6,95,2,24,27,0,0,2,0,0,0,0,0,0,0,1,0,0,0,0,0,0,0,0,0,0
520,6,96,2,24,27,0,0,2,0,0,0,0,0,0,0,1,0,0,0,0,0,0,0,0,0,0
521,6,97,2,24,27,0,0,2,0,0,0,0,0,0,0,1,0,0,0,0,0,0,0,0,0,0
522,6,98,2,24,27,0,0,2,0,0,0,0,0,0,0,1,0,0,0,0,0,0,0,0,0,0
523,6,99,2,24,27,0,0,2,0,0,0,0,0,0,0,1,0,0,0,0,0,0,0,0,0,0
524,7,6,2,10,11,0,0,1,0,0,1,0,0,0,0,1,0,0,0,0,0,0,0,0,0,0
525,7,7,2,10,11,0,0,1,0,1,0,1,1,0,0,1,0,0,0,0,0,0,0,0,0,0
526,7,8,2,10,11,0,0,1,1,0,1,0,0,0,0,1,0,0,0,0,0,0,0,0,0,0
527,7,9,2,10,11,0,0,1,0,0,0,0,0,0,0,1,0,0,0,0,0,0,0,0,0,0
528,7,10,2,10,11,0,0,1,1,1,1,1,1,0,0,1,0,0,0,0,0,0,0,0,0,0
529,7,11,2,15,16,0,0,1,0,0,0,0,0,0,0,1,0,0,0,0,0,0,0,0,0,0
530,7,12,2,15,16,0,0,1,1,1,1,0,0,0,0,1,0,0,0,0,0,0,0,0,0,0
531,7,13,2,15,16,0,0,1,1,0,0,1,1,0,0,1,0,0,0,0,0,0,0,0,0,0
532,7,14,2,15,16,0,0,1,0,0,1,0,0,0,0,1,0,0,0,0,0,0,0,0,0,0
533,7,15,2,15,16,0,0,1,1,1,0,0,0,0,0,1,0,0,0,0,0,0,0,0,0,0
534,7,16,2,15,16,0,0,1,0,0,1,1,1,0,0,1,0,0,0,0,0,0,0,0,0,0
535,7,17,2,15,16,0,0,1,1,1,0,0,0,0,0,1,0,0,0,0,0,0,0,0,0,0
536,7,18,2,15,16,0,0,1,1,0,1,0,0,0,0,1,0,0,0,0,0,0,0,0,0,0
537,7,19,2,15,16,0,0,1,0,0,0,1,1,0,0,1,0,0,0,0,0,0,0,0,0,0
538,7,20,2,20,22,0,0,1,1,1,1,0,0,0,0,1,0,0,0,0,0,0,0,0,0,0
539,7,21,2,20,22,0,0,1,1,0,0,0,0,0,0,1,0,0,0,0,0,0,0,0,0,0
540,7,22,2,20,22,0,0,1,0,1,1,1,1,0,0,1,0,0,0,0,0,0,0,0,0,0
541,7,23,2,20,22,0,0,1,1,0,0,0,0,0,0,1,0,0,0,0,0,0,0,0,0,0
542,7,24,2,20,22,0,0,1,1,0,1,0,0,0,0,1,0,0,0,0,0,0,0,0,0,0
543,7,25,2,20,22,0,0,1,0,1,0,1,1,0,0,1,0,0,0,0,0,0,0,0,0,0
544,7,26,2,20,22,0,0,1,1,0,1,0,0,0,0,1,0,0,0,0,0,0,0,0,0,0
545,7,27,2,20,22,0,0,1,1,1,0,0,0,0,0,1,0,0,0,0,0,0,0,0,0,0
546,7,28,2,20,22,0,0,1,0,0,1,1,1,0,0,1,0,0,0,0,0,0,0,0,0,0
547,7,29,2,20,22,0,0,1,1,0,0,0,0,0,0,1,0,0,0,0,0,0,0,0,0,0
548,7,30,2,25,28,0,0,1,1,1,1,0,0,0,0,1,0,0,0,0,0,0,0,0,0,0
549,7,31,2,25,28,0,0,1,1,0,0,1,1,0,0,1,0,0,0,0,0,0,0,0,0,0
550,7,32,2,25,28,0,0,1,0,1,1,0,0,0,0,1,0,0,0,0,0,0,0,0,0,0
551,7,33,2,25,28,0,0,1,1,0,0,0,0,0,0,1,0,0,0,0,0,0,0,0,0,0
552,7,34,2,25,28,0,0,1,1,0,1,1,1,0,0,1,0,0,0,0,0,0,0,0,0,0
553,7,35,2,25,28,0,0,1,1,1,0,0,0,0,0,1,0,0,0,0,0,0,0,0,0,0
554,7,36,2,25,28,0,0,1,1,0,1,0,0,0,0,1,0,0,0,0,0,0,0,0,0,0
555,7,37,2,25,28,0,0,1,0,1,0,1,1,0,0,1,0,0,0,0,0,0,0,0,0,0
556,7,38,2,25,28,0,0,1,1,0,1,0,0,0,0,1,0,0,0,0,0,0,0,0,0,0
557,7,39,2,25,28,0,0,1,1,0,0,0,0,0,0,1,0,0,0,0,0,0,0,0,0,0
558,7,40,2,30,33,0,0,1,1,1,1,1,1,0,0,1,0,0,0,0,0,0,0,0,0,0
559,7,41,2,30,33,0,0,1,1,0,0,0,0,0,0,1,0,0,0,0,0,0,0,0,0,0
560,7,42,2,30,33,0,0,1,1,1,1,0,0,0,0,1,0,0,0,0,0,0,0,0,0,0
561,7,43,2,30,33,0,0,1,0,0,0,1,1,0,0,1,0,0,0,0,0,0,0,0,0,0
562,7,44,2,30,33,0,0,1,1,0,1,0,0,0,0,1,0,0,0,0,0,0,0,0,0,0
563,7,45,2,30,33,0,0,1,1,1,0,0,0,0,0,1,0,0,0,0,0,0,0,0,0,0
564,7,46,2,30,33,0,0,1,1,0,1,1,1,0,0,1,0,0,0,0,0,0,0,0,0,0
565,7,47,2,30,33,0,0,1,1,1,0,0,0,0,0,1,0,0,0,0,0,0,0,0,0,0
566,7,48,2,30,33,0,0,1,1,0,1,0,0,0,0,1,0,0,0,0,0,0,0,0,0,0
567,7,49,2,30,33,0,0,1,1,0,0,1,1,0,0,1,0,0,0,0,0,0,0,0,0,0
568,7,50,2,35,39,0,0,1,1,1,1,0,0,0,0,1,0,0,0,0,0,0,0,0,0,0
569,7,51,2,80,90,0,0,1,0,0,0,0,0,0,0,1,0,0,0,0,0,0,0,0,0,0
570,7,52,2,80,90,0,0,1,0,1,1,1,1,0,0,1,0,0,0,0,0,0,0,0,0,0
571,7,53,2,80,90,0,0,1,0,0,0,0,0,0,0,1,0,0,0,0,0,0,0,0,0,0
572,7,54,2,80,90,0,0,1,1,0,1,0,0,0,0,1,0,0,0,0,0,0,0,0,0,0
573,7,55,2,80,90,0,0,1,0,0,0,0,0,0,0,1,0,0,0,0,0,0,0,0,0,0
574,7,56,2,80,90,0,0,1,0,0,1,0,0,0,0,1,0,0,0,0,0,0,0,0,0,0
575,7,57,2,80,90,0,0,1,0,1,0,0,0,0,0,1,0,0,0,0,0,0,0,0,0,0
576,7,58,2,80,90,0,0,1,0,0,1,1,1,0,0,1,0,0,0,0,0,0,0,0,0,0
577,7,59,2,80,90,0,0,1,1,0,0,0,0,0,0,1,0,0,0,0,0,0,0,0,0,0
578,7,60,2,80,90,0,0,1,0,1,1,0,0,0,0,1,0,0,0,0,0,0,0,0,0,0
579,7,61,2,88,99,0,0,1,0,0,0,1,1,0,0,1,0,0,0,0,0,0,0,0,0,0
580,7,62,2,88,99,0,0,1,0,1,1,0,0,0,0,1,0,0,0,0,0,0,0,0,0,0
581,7,63,2,88,99,0,0,1,0,0,0,0,0,0,0,1,0,0,0,0,0,0,0,0,0,0
582,7,64,2,88,99,0,0,1,1,0,1,1,1,0,0,1,0,0,0,0,0,0,0,0,0,0
583,7,65,2,88,99,0,0,1,0,0,0,0,0,0,0,1,0,0,0,0,0,0,0,0,0,0
584,7,66,2,88,99,0,0,1,0,0,0,0,0,0,0,1,0,0,0,0,0,0,0,0,0,0
585,7,67,2,88,99,0,0,1,0,1,0,1,1,0,0,1,0,0,0,0,0,0,0,0,0,0
586,7,68,2,88,99,0,0,1,0,0,1,0,0,0,0,1,0,0,0,0,0,0,0,0,0,0
587,7,69,2,88,99,0,0,1,1,0,0,0,0,0,0,1,0,0,0,0,0,0,0,0,0,0
588,7,70,2,88,99,0,0,1,0,1,1,1,1,0,0,1,0,0,0,0,0,0,0,0,0,0
589,7,71,2,88,99,0,0,2,0,0,0,0,0,0,0,1,0,0,0,0,0,0,0,0,0,0
590,7,72,2,88,99,0,0,2,0,0,0,0,0,0,0,1,0,0,0,0,0,0,0,0,0,0
591,7,73,2,88,99,0,0,2,0,0,0,0,0,0,0,1,0,0,0,0,0,0,0,0,0,0
592,7,74,2,88,99,0,0,2,0,0,0,0,0,0,0,1,0,0,0,0,0,0,0,0,0,0
593,7,75,2,88,99,0,0,2,0,0,0,0,0,0,0,1,0,0,0,0,0,0,0,0,0,0
594,7,76,2,88,99,0,0,2,0,0,0,0,0,0,0,1,0,0,0,0,0,0,0,0,0,0
595,7,77,2,88,99,0,0,2,0,0,0,0,0,0,0,1,0,0,0,0,0,0,0,0,0,0
596,7,78,2,88,99,0,0,2,0,0,0,0,0,0,0,1,0,0,0,0,0,0,0,0,0,0
597,7,79,2,88,99,0,0,2,0,0,0,0,0,0,0,1,0,0,0,0,0,0,0,0,0,0
598,7,80,2,88,99,0,0,2,0,0,0,0,0,0,0,1,0,0,0,0,0,0,0,0,0,0
599,7,81,2,88,99,0,0,2,0,0,0,0,0,0,0,1,0,0,0,0,0,0,0,0,0,0
600,7,82,2,88,99,0,0,2,0,0,0,0,0,0,0,1,0,0,0,0,0,0,0,0,0,0
601,7,83,2,88,99,0,0,2,0,0,0,0,0,0,0,1,0,0,0,0,0,0,0,0,0,0
602,7,84,2,88,99,0,0,2,0,0,0,0,0,0,0,1,0,0,0,0,0,0,0,0,0,0
603,7,85,2,88,99,0,0,2,0,0,0,0,0,0,0,1,0,0,0,0,0,0,0,0,0,0
604,7,86,2,88,99,0,0,2,0,0,0,0,0,0,0,1,0,0,0,0,0,0,0,0,0,0
605,7,87,2,88,99,0,0,2,0,0,0,0,0,0,0,1,0,0,0,0,0,0,0,0,0,0
606,7,88,2,88,99,0,0,2,0,0,0,0,0,0,0,1,0,0,0,0,0,0,0,0,0,0
607,7,89,2,88,99,0,0,2,0,0,0,0,0,0,0,1,0,0,0,0,0,0,0,0,0,0
608,7,90,2,88,99,0,0,2,0,0,0,0,0,0,0,1,0,0,0,0,0,0,0,0,0,0
609,7,91,2,88,99,0,0,2,0,0,0,0,0,0,0,1,0,0,0,0,0,0,0,0,0,0
610,7,92,2,88,99,0,0,2,0,0,0,0,0,0,0,1,0,0,0,0,0,0,0,0,0,0
611,7,93,2,88,99,0,0,2,0,0,0,0,0,0,0,1,0,0,0,0,0,0,0,0,0,0
612,7,94,2,88,99,0,0,2,0,0,0,0,0,0,0,1,0,0,0,0,0,0,0,0,0,0
613,7,95,2,88,99,0,0,2,0,0,0,0,0,0,0,1,0,0,0,0,0,0,0,0,0,0
614,7,96,2,88,99,0,0,2,0,0,0,0,0,0,0,1,0,0,0,0,0,0,0,0,0,0
615,7,97,2,88,99,0,0,2,0,0,0,0,0,0,0,1,0,0,0,0,0,0,0,0,0,0
616,7,98,2,88,99,0,0,2,0,0,0,0,0,0,0,1,0,0,0,0,0,0,0,0,0,0
617,7,99,2,88,99,0,0,2,0,0,0,0,0,0,0,1,0,0,0,0,0,0,0,0,0,0
618,8,11,2,40,45,0,0,1,1,1,1,0,0,0,0,1,0,0,0,0,0,0,0,0,0,0
619,8,12,2,40,45,0,0,1,1,1,0,0,0,0,0,1,0,0,0,0,0,0,0,0,0,0
620,8,13,2,48,54,0,0,1,1,1,1,0,0,0,0,1,0,0,0,0,0,0,0,0,0,0
621,8,14,2,48,54,0,0,1,1,1,0,0,0,0,0,1,0,0,0,0,0,0,0,0,0,0
622,8,15,2,56,63,0,0,1,1,1,1,0,0,0,0,1,0,0,0,0,0,0,0,0,0,0
623,8,16,2,56,63,0,0,1,1,1,0,0,0,0,0,1,0,0,0,0,0,0,0,0,0,0
624,8,17,2,64,72,0,0,1,1,1,1,0,0,0,0,1,0,0,0,0,0,0,0,0,0,0
625,8,18,2,64,72,0,0,1,1,1,0,0,0,0,0,1,0,0,0,0,0,0,0,0,0,0
626,8,19,2,72,81,0,0,1,1,1,1,0,0,0,0,1,0,0,0,0,0,0,0,0,0,0
627,8,20,2,72,81,0,0,1,2,2,0,0,0,0,0,1,0,0,0,0,0,0,0,0,0,0
628,8,21,2,72,81,0,0,1,1,0,1,0,0,0,0,1,0,0,0,0,0,0,0,0,0,0
629,8,22,2,80,90,0,0,1,1,1,0,0,0,0,0,1,0,0,0,0,0,0,0,0,0,0
630,8,23,2,80,90,0,0,1,1,1,1,0,0,0,0,1,0,0,0,0,0,0,0,0,0,0
631,8,24,2,80,90,0,0,1,2,2,0,0,0,0,0,1,0,0,0,0,0,0,0,0,0,0
632,8,25,2,88,99,0,0,1,1,0,1,0,0,0,0,1,0,0,0,0,0,0,0,0,0,0
633,8,26,2,88,99,0,0,1,1,1,0,0,0,0,0,1,0,0,0,0,0,0,0,0,0,0
634,8,27,2,88,99,0,0,1,1,1,1,0,0,0,0,1,0,0,0,0,0,0,0,0,0,0
635,8,28,2,88,99,0,0,1,2,2,0,0,0,0,0,1,0,0,0,0,0,0,0,0,0,0
636,8,29,2,88,99,0,0,1,1,0,1,0,0,0,0,1,0,0,0,0,0,0,0,0,0,0
637,8,30,2,88,99,0,0,1,2,2,0,0,0,0,0,1,0,0,0,0,0,0,0,0,0,0
638,8,31,2,96,108,0,0,1,1,0,1,0,0,0,0,1,0,0,0,0,0,0,0,0,0,0
639,8,32,2,96,108,0,0,1,1,1,0,0,0,0,0,1,0,0,0,0,0,0,0,0,0,0
640,8,33,2,104,117,0,0,1,2,2,0,0,0,0,0,1,0,0,0,0,0,0,0,0,0,0
641,8,34,2,104,117,0,0,1,1,0,1,0,0,0,0,1,0,0,0,0,0,0,0,0,0,0
642,8,35,2,112,126,0,0,1,2,2,0,0,0,0,0,1,0,0,0,0,0,0,0,0,0,0
643,8,36,2,112,126,0,0,1,1,0,1,0,0,0,0,1,0,0,0,0,0,0,0,0,0,0
644,8,37,2,120,135,0,0,1,1,1,0,0,0,0,0,1,0,0,0,0,0,0,0,0,0,0
645,8,38,2,120,135,0,0,1,2,2,0,0,0,0,0,1,0,0,0,0,0,0,0,0,0,0
646,8,39,2,128,144,0,0,1,1,0,1,0,0,0,0,1,0,0,0,0,0,0,0,0,0,0
647,8,40,2,128,144,0,0,1,2,2,0,0,0,0,0,1,0,0,0,0,0,0,0,0,0,0
648,8,41,2,128,144,0,0,1,1,0,1,0,0,0,0,1,0,0,0,0,0,0,0,0,0,0
649,8,42,2,136,153,0,0,1,2,2,0,0,0,0,0,1,0,0,0,0,0,0,0,0,0,0
650,8,43,2,136,153,0,0,1,1,0,1,0,0,0,0,1,0,0,0,0,0,0,0,0,0,0
651,8,44,2,136,153,0,0,1,2,2,0,0,0,0,0,1,0,0,0,0,0,0,0,0,0,0
652,8,45,2,144,162,0,0,1,1,0,1,0,0,0,0,1,0,0,0,0,0,0,0,0,0,0
653,8,46,2,144,162,0,0,1,2,2,0,0,0,0,0,1,0,0,0,0,0,0,0,0,0,0
654,8,47,2,144,162,0,0,1,1,0,1,0,0,0,0,1,0,0,0,0,0,0,0,0,0,0
655,8,48,2,144,162,0,0,1,2,2,0,0,0,0,0,1,0,0,0,0,0,0,0,0,0,0
656,8,49,2,144,162,0,0,1,1,0,1,0,0,0,0,1,0,0,0,0,0,0,0,0,0,0
657,8,50,2,144,162,0,0,1,2,2,0,0,0,0,0,1,0,0,0,0,0,0,0,0,0,0
658,8,51,2,144,162,0,0,1,1,0,1,0,0,0,0,1,0,0,0,0,0,0,0,0,0,0
659,8,52,2,144,162,0,0,1,2,2,0,0,0,0,0,1,0,0,0,0,0,0,0,0,0,0
660,8,53,2,144,162,0,0,1,1,0,1,0,0,0,0,1,0,0,0,0,0,0,0,0,0,0
661,8,54,2,144,162,0,0,1,2,2,0,0,0,0,0,1,0,0,0,0,0,0,0,0,0,0
662,8,55,2,144,162,0,0,1,1,0,1,0,0,0,0,1,0,0,0,0,0,0,0,0,0,0
663,8,56,2,144,162,0,0,1,2,2,0,0,0,0,0,1,0,0,0,0,0,0,0,0,0,0
664,8,57,2,144,162,0,0,1,1,0,1,0,0,0,0,1,0,0,0,0,0,0,0,0,0,0
665,8,58,2,144,162,0,0,1,2,2,0,0,0,0,0,1,0,0,0,0,0,0,0,0,0,0
666,8,59,2,144,162,0,0,1,1,0,1,0,0,0,0,1,0,0,0,0,0,0,0,0,0,0
667,8,60,2,152,171,0,0,1,2,2,0,0,0,0,0,1,0,0,0,0,0,0,0,0,0,0
668,8,61,2,0,0,0,0,1,1,1,1,0,0,0,0,1,0,0,0,0,0,0,0,0,0,0
669,8,62,2,0,0,0,0,1,1,1,0,0,0,0,0,1,0,0,0,0,0,0,0,0,0,0
670,8,63,2,0,0,0,0,1,1,1,1,0,0,0,0,1,0,0,0,0,0,0,0,0,0,0
671,8,64,2,0,0,0,0,1,1,1,0,0,0,0,0,1,0,0,0,0,0,0,0,0,0,0
672,8,65,2,0,0,0,0,1,1,1,1,0,0,0,0,1,0,0,0,0,0,0,0,0,0,0
673,8,66,2,0,0,0,0,1,1,1,0,0,0,0,0,1,0,0,0,0,0,0,0,0,0,0
674,8,67,2,0,0,0,0,1,1,1,1,0,0,0,0,1,0,0,0,0,0,0,0,0,0,0
675,8,68,2,0,0,0,0,1,1,1,0,0,0,0,0,1,0,0,0,0,0,0,0,0,0,0
676,8,69,2,0,0,0,0,1,1,1,1,0,0,0,0,1,0,0,0,0,0,0,0,0,0,0
677,8,70,2,0,0,0,0,1,1,1,0,0,0,0,0,1,0,0,0,0,0,0,0,0,0,0
678,8,71,2,0,0,0,0,2,0,0,0,0,0,0,0,1,0,0,0,0,0,0,0,0,0,0
679,8,72,2,0,0,0,0,2,0,0,0,0,0,0,0,1,0,0,0,0,0,0,0,0,0,0
680,8,73,2,0,0,0,0,2,0,0,0,0,0,0,0,1,0,0,0,0,0,0,0,0,0,0
681,8,74,2,0,0,0,0,2,0,0,0,0,0,0,0,1,0,0,0,0,0,0,0,0,0,0
682,8,75,2,0,0,0,0,2,0,0,0,0,0,0,0,1,0,0,0,0,0,0,0,0,0,0
683,8,76,2,0,0,0,0,2,0,0,0,0,0,0,0,1,0,0,0,0,0,0,0,0,0,0
684,8,77,2,0,0,0,0,2,0,0,0,0,0,0,0,1,0,0,0,0,0,0,0,0,0,0
685,8,78,2,0,0,0,0,2,0,0,0,0,0,0,0,1,0,0,0,0,0,0,0,0,0,0
686,8,79,2,0,0,0,0,2,0,0,0,0,0,0,0,1,0,0,0,0,0,0,0,0,0,0
687,8,80,2,0,0,0,0,2,0,0,0,0,0,0,0,1,0,0,0,0,0,0,0,0,0,0
688,8,81,2,0,0,0,0,2,0,0,0,0,0,0,0,1,0,0,0,0,0,0,0,0,0,0
689,8,82,2,0,0,0,0,2,0,0,0,0,0,0,0,1,0,0,0,0,0,0,0,0,0,0
690,8,83,2,0,0,0,0,2,0,0,0,0,0,0,0,1,0,0,0,0,0,0,0,0,0,0
691,8,84,2,0,0,0,0,2,0,0,0,0,0,0,0,1,0,0,0,0,0,0,0,0,0,0
692,8,85,2,0,0,0,0,2,0,0,0,0,0,0,0,1,0,0,0,0,0,0,0,0,0,0
693,8,86,2,0,0,0,0,2,0,0,0,0,0,0,0,1,0,0,0,0,0,0,0,0,0,0
694,8,87,2,0,0,0,0,2,0,0,0,0,0,0,0,1,0,0,0,0,0,0,0,0,0,0
695,8,88,2,0,0,0,0,2,0,0,0,0,0,0,0,1,0,0,0,0,0,0,0,0,0,0
696,8,89,2,0,0,0,0,2,0,0,0,0,0,0,0,1,0,0,0,0,0,0,0,0,0,0
697,8,90,2,0,0,0,0,2,0,0,0,0,0,0,0,1,0,0,0,0,0,0,0,0,0,0
698,8,91,2,0,0,0,0,2,0,0,0,0,0,0,0,1,0,0,0,0,0,0,0,0,0,0
699,8,92,2,0,0,0,0,2,0,0,0,0,0,0,0,1,0,0,0,0,0,0,0,0,0,0
700,8,93,2,0,0,0,0,2,0,0,0,0,0,0,0,1,0,0,0,0,0,0,0,0,0,0
701,8,94,2,0,0,0,0,2,0,0,0,0,0,0,0,1,0,0,0,0,0,0,0,0,0,0
702,8,95,2,0,0,0,0,2,0,0,0,0,0,0,0,1,0,0,0,0,0,0,0,0,0,0
703,8,96,2,0,0,0,0,2,0,0,0,0,0,0,0,1,0,0,0,0,0,0,0,0,0,0
704,8,97,2,0,0,0,0,2,0,0,0,0,0,0,0,1,0,0,0,0,0,0,0,0,0,0
705,8,98,2,0,0,0,0,2,0,0,0,0,0,0,0,1,0,0,0,0,0,0,0,0,0,0
706,8,99,2,0,0,0,0,2,0,0,0,0,0,0,0,1,0,0,0,0,0,0,0,0,0,0
707,9,11,2,16,18,8,9,1,1,1,0,1,0,0,0,1,0,0,0,0,0,0,0,0,0,0
708,9,12,2,16,18,8,9,1,1,1,0,1,0,0,0,1,0,0,0,0,0,0,0,0,0,0
709,9,13,2,16,18,8,9,1,1,0,1,1,0,0,0,1,0,0,0,0,0,0,0,0,0,0
710,9,14,2,24,27,8,9,1,1,1,0,1,0,0,0,1,0,0,0,0,0,0,0,0,0,0
711,9,15,2,24,27,8,9,1,0,0,0,1,1,0,0,1,0,0,0,0,0,0,0,0,0,0
712,9,16,2,24,27,8,9,1,1,1,0,1,0,0,0,1,0,0,0,0,0,0,0,0,0,0
713,9,17,2,24,27,8,9,1,1,1,1,1,0,0,0,1,0,0,0,0,0,0,0,0,0,0
714,9,18,2,32,36,8,9,1,1,0,0,1,0,0,0,1,0,0,0,0,0,0,0,0,0,0
715,9,19,2,32,36,8,9,1,1,1,0,1,0,0,0,1,0,0,0,0,0,0,0,0,0,0
716,9,20,2,32,36,8,9,1,0,0,1,1,1,0,0,1,0,0,0,0,0,0,0,0,0,0
717,9,21,2,32,36,8,9,1,1,1,0,1,0,0,0,1,0,0,0,0,0,0,0,0,0,0
718,9,22,2,32,36,8,9,1,0,1,0,1,0,0,0,1,0,0,0,0,0,0,0,0,0,0
719,9,23,2,32,36,8,9,1,1,0,1,1,0,0,0,1,0,0,0,0,0,0,0,0,0,0
720,9,24,2,32,36,8,9,1,0,1,0,1,0,0,0,1,0,0,0,0,0,0,0,0,0,0
721,9,25,2,32,36,8,9,1,1,0,0,1,1,0,0,1,0,0,0,0,0,0,0,0,0,0
722,9,26,2,32,36,8,9,1,0,1,1,1,0,0,0,1,0,0,0,0,0,0,0,0,0,0
723,9,27,2,32,36,8,9,1,1,1,0,1,0,0,0,1,0,0,0,0,0,0,0,0,0,0
724,9,28,2,32,36,8,9,1,0,0,0,1,0,0,0,1,0,0,0,0,0,0,0,0,0,0
725,9,29,2,32,36,8,9,1,1,1,1,1,0,0,0,1,0,0,0,0,0,0,0,0,0,0
726,9,30,2,40,45,8,9,1,0,0,0,1,1,0,0,1,0,0,0,0,0,0,0,0,0,0
727,9,31,2,40,45,8,9,1,0,1,0,1,0,0,0,1,0,0,0,0,0,0,0,0,0,0
728,9,32,2,40,45,8,9,1,0,1,1,1,0,0,0,1,0,0,0,0,0,0,0,0,0,0
729,9,33,2,40,45,8,9,1,0,0,0,1,0,0,0,1,0,0,0,0,0,0,0,0,0,0
730,9,34,2,40,45,8,9,1,1,1,0,1,0,0,0,1,0,0,0,0,0,0,0,0,0,0
731,9,35,2,48,54,8,9,1,0,0,1,1,1,0,0,1,0,0,0,0,0,0,0,0,0,0
732,9,36,2,48,54,8,9,1,0,1,0,1,0,0,0,1,0,0,0,0,0,0,0,0,0,0
733,9,37,2,48,54,8,9,1,0,1,0,1,0,0,0,1,0,0,0,0,0,0,0,0,0,0
734,9,38,2,48,54,8,9,1,0,0,1,1,0,0,0,1,0,0,0,0,0,0,0,0,0,0
735,9,39,2,48,54,8,9,1,1,1,0,1,0,0,0,1,0,0,0,0,0,0,0,0,0,0
736,9,40,2,48,54,8,9,1,0,0,0,1,1,0,0,1,0,0,0,0,0,0,0,0,0,0
737,9,41,2,48,54,8,9,1,0,1,1,1,0,0,0,1,0,0,0,0,0,0,0,0,0,0
738,9,42,2,48,54,8,9,1,0,1,0,1,0,0,0,1,0,0,0,0,0,0,0,0,0,0
739,9,43,2,56,63,8,9,1,0,0,0,1,0,0,0,1,0,0,0,0,0,0,0,0,0,0
740,9,44,2,56,63,8,9,1,1,1,1,1,0,0,0,1,0,0,0,0,0,0,0,0,0,0
741,9,45,2,56,63,8,9,1,0,0,0,1,1,0,0,1,0,0,0,0,0,0,0,0,0,0
742,9,46,2,56,63,8,9,1,0,1,0,1,0,0,0,1,0,0,0,0,0,0,0,0,0,0
743,9,47,2,56,63,8,9,1,0,1,1,1,0,0,0,1,0,0,0,0,0,0,0,0,0,0
744,9,48,2,56,63,8,9,1,0,0,0,1,0,0,0,1,0,0,0,0,0,0,0,0,0,0
745,9,49,2,56,63,8,9,1,1,1,0,1,0,0,0,1,0,0,0,0,0,0,0,0,0,0
746,9,50,2,56,63,8,9,1,0,0,1,1,1,0,0,1,0,0,0,0,0,0,0,0,0,0
747,9,51,2,56,63,8,9,1,0,0,1,1,1,0,0,1,0,0,0,0,0,0,0,0,0,0
748,9,52,2,56,63,8,9,1,0,1,1,1,0,0,0,1,0,0,0,0,0,0,0,0,0,0
749,9,53,2,56,63,8,9,1,1,0,0,1,0,0,0,1,0,0,0,0,0,0,0,0,0,0
750,9,54,2,56,63,8,9,1,0,1,0,1,0,0,0,1,0,0,0,0,0,0,0,0,0,0
751,9,55,2,64,72,8,9,1,1,0,1,1,1,0,0,1,0,0,0,0,0,0,0,0,0,0
752,9,56,2,64,72,8,9,1,0,1,0,1,0,0,0,1,0,0,0,0,0,0,0,0,0,0
753,9,57,2,64,72,8,9,1,1,1,1,1,0,0,0,1,0,0,0,0,0,0,0,0,0,0
754,9,58,2,64,72,8,9,1,0,0,0,1,0,0,0,1,0,0,0,0,0,0,0,0,0,0
755,9,59,2,64,72,8,9,1,1,1,0,1,0,0,0,1,0,0,0,0,0,0,0,0,0,0
756,9,60,2,64,72,8,9,1,0,0,1,1,1,0,0,1,0,0,0,0,0,0,0,0,0,0
757,9,61,2,64,72,8,9,1,1,1,0,1,0,0,0,1,0,0,0,0,0,0,0,0,0,0
758,9,62,2,64,72,8,9,1,0,1,1,1,0,0,0,1,0,0,0,0,0,0,0,0,0,0
759,9,63,2,64,72,8,9,1,1,0,0,1,0,0,0,1,0,0,0,0,0,0,0,0,0,0
760,9,64,2,64,72,8,9,1,0,1,0,1,0,0,0,1,0,0,0,0,0,0,0,0,0,0
761,9,65,2,64,72,8,9,1,1,0,1,1,1,0,0,1,0,0,0,0,0,0,0,0,0,0
762,9,66,2,64,72,8,9,1,0,1,0,1,0,0,0,1,0,0,0,0,0,0,0,0,0,0
763,9,67,2,64,72,8,9,1,1,1,1,1,0,0,0,1,0,0,0,0,0,0,0,0,0,0
764,9,68,2,64,72,8,9,1,0,0,0,1,0,0,0,1,0,0,0,0,0,0,0,0,0,0
765,9,69,2,64,72,8,9,1,1,1,0,1,0,0,0,1,0,0,0,0,0,0,0,0,0,0
766,9,70,2,72,81,8,9,1,0,0,1,1,1,0,0,1,0,0,0,0,0,0,0,0,0,0
767,9,71,2,72,81,8,9,2,0,0,0,0,0,0,0,1,0,0,0,0,0,0,0,0,0,0
768,9,72,2,72,81,8,9,2,0,0,0,0,0,0,0,1,0,0,0,0,0,0,0,0,0,0
769,9,73,2,72,81,8,9,2,0,0,0,0,0,0,0,1,0,0,0,0,0,0,0,0,0,0
770,9,74,2,72,81,8,9,2,0,0,0,0,0,0,0,1,0,0,0,0,0,0,0,0,0,0
771,9,75,2,72,81,8,9,2,0,0,0,0,0,0,0,1,0,0,0,0,0,0,0,0,0,0
772,9,76,2,72,81,8,9,2,0,0,0,0,0,0,0,1,0,0,0,0,0,0,0,0,0,0
773,9,77,2,72,81,8,9,2,0,0,0,0,0,0,0,1,0,0,0,0,0,0,0,0,0,0
774,9,78,2,72,81,8,9,2,0,0,0,0,0,0,0,1,0,0,0,0,0,0,0,0,0,0
775,9,79,2,72,81,8,9,2,0,0,0,0,0,0,0,1,0,0,0,0,0,0,0,0,0,0
776,9,80,2,72,81,8,9,2,0,0,0,0,0,0,0,1,0,0,0,0,0,0,0,0,0,0
777,9,81,2,72,81,8,9,2,0,0,0,0,0,0,0,1,0,0,0,0,0,0,0,0,0,0
778,9,82,2,72,81,8,9,2,0,0,0,0,0,0,0,1,0,0,0,0,0,0,0,0,0,0
779,9,83,2,72,81,8,9,2,0,0,0,0,0,0,0,1,0,0,0,0,0,0,0,0,0,0
780,9,84,2,72,81,8,9,2,0,0,0,0,0,0,0,1,0,0,0,0,0,0,0,0,0,0
781,9,85,2,72,81,8,9,2,0,0,0,0,0,0,0,1,0,0,0,0,0,0,0,0,0,0
782,9,86,2,72,81,8,9,2,0,0,0,0,0,0,0,1,0,0,0,0,0,0,0,0,0,0
783,9,87,2,72,81,8,9,2,0,0,0,0,0,0,0,1,0,0,0,0,0,0,0,0,0,0
784,9,88,2,72,81,8,9,2,0,0,0,0,0,0,0,1,0,0,0,0,0,0,0,0,0,0
785,9,89,2,72,81,8,9,2,0,0,0,0,0,0,0,1,0,0,0,0,0,0,0,0,0,0
786,9,90,2,72,81,8,9,2,0,0,0,0,0,0,0,1,0,0,0,0,0,0,0,0,0,0
787,9,91,2,72,81,8,9,2,0,0,0,0,0,0,0,1,0,0,0,0,0,0,0,0,0,0
788,9,92,2,72,81,8,9,2,0,0,0,0,0,0,0,1,0,0,0,0,0,0,0,0,0,0
789,9,93,2,72,81,8,9,2,0,0,0,0,0,0,0,1,0,0,0,0,0,0,0,0,0,0
790,9,94,2,72,81,8,9,2,0,0,0,0,0,0,0,1,0,0,0,0,0,0,0,0,0,0
791,9,95,2,72,81,8,9,2,0,0,0,0,0,0,0,1,0,0,0,0,0,0,0,0,0,0
792,9,96,2,72,81,8,9,2,0,0,0,0,0,0,0,1,0,0,0,0,0,0,0,0,0,0
793,9,97,2,72,81,8,9,2,0,0,0,0,0,0,0,1,0,0,0,0,0,0,0,0,0,0
794,9,98,2,72,81,8,9,2,0,0,0,0,0,0,0,1,0,0,0,0,0,0,0,0,0,0
795,9,99,2,72,81,8,9,2,0,0,0,0,0,0,0,1,0,0,0,0,0,0,0,0,0,0
796,10,11,2,16,18,8,9,1,0,0,1,0,1,0,0,1,0,0,0,0,0,0,0,0,0,0
797,10,12,2,16,18,8,9,1,1,1,0,0,1,0,0,1,0,0,0,0,0,0,0,0,0,0
798,10,13,2,16,18,8,9,1,0,0,1,0,1,0,0,1,0,0,0,0,0,0,0,0,0,0
799,10,14,2,16,18,8,9,1,0,0,0,0,1,0,0,1,0,0,0,0,0,0,0,0,0,0
800,10,15,2,16,18,8,9,1,1,1,1,1,1,0,0,1,0,0,0,0,0,0,0,0,0,0
801,10,16,2,24,27,8,9,1,0,0,0,0,1,0,0,1,0,0,0,0,0,0,0,0,0,0
802,10,17,2,24,27,8,9,1,1,1,1,0,1,0,0,1,0,0,0,0,0,0,0,0,0,0
803,10,18,2,24,27,8,9,1,0,0,0,0,1,0,0,1,0,0,0,0,0,0,0,0,0,0
804,10,19,2,24,27,8,9,1,0,0,1,0,1,0,0,1,0,0,0,0,0,0,0,0,0,0
805,10,20,2,24,27,8,9,1,1,1,0,1,1,0,0,1,0,0,0,0,0,0,0,0,0,0
806,10,21,2,24,27,8,9,1,0,0,1,0,1,0,0,1,0,0,0,0,0,0,0,0,0,0
807,10,22,2,24,27,8,9,1,1,1,0,0,1,0,0,1,0,0,0,0,0,0,0,0,0,0
808,10,23,2,24,27,8,9,1,0,0,1,0,1,0,0,1,0,0,0,0,0,0,0,0,0,0
809,10,24,2,32,36,8,9,1,0,0,0,0,1,0,0,1,0,0,0,0,0,0,0,0,0,0
810,10,25,2,32,36,8,9,1,1,1,1,1,1,0,0,1,0,0,0,0,0,0,0,0,0,0
811,10,26,2,32,36,8,9,1,0,0,0,0,1,0,0,1,0,0,0,0,0,0,0,0,0,0
812,10,27,2,32,36,8,9,1,0,1,1,0,1,0,0,1,0,0,0,0,0,0,0,0,0,0
813,10,28,2,32,36,8,9,1,1,0,0,0,1,0,0,1,0,0,0,0,0,0,0,0,0,0
814,10,29,2,32,36,8,9,1,0,0,1,0,1,0,0,1,0,0,0,0,0,0,0,0,0,0
815,10,30,2,32,36,8,9,1,0,1,0,1,1,0,0,1,0,0,0,0,0,0,0,0,0,0
816,10,31,2,32,36,8,9,1,0,0,1,0,1,0,0,1,0,0,0,0,0,0,0,0,0,0
817,10,32,2,40,45,8,9,1,1,1,0,0,1,0,0,1,0,0,0,0,0,0,0,0,0,0
818,10,33,2,40,45,8,9,1,0,0,0,0,1,0,0,1,0,0,0,0,0,0,0,0,0,0
819,10,34,2,40,45,8,9,1,0,0,1,0,1,0,0,1,0,0,0,0,0,0,0,0,0,0
820,10,35,2,40,45,8,9,1,0,1,0,1,1,0,0,1,0,0,0,0,0,0,0,0,0,0
821,10,36,2,40,45,8,9,1,0,0,0,0,1,0,0,1,0,0,0,0,0,0,0,0,0,0
822,10,37,2,40,45,8,9,1,1,1,1,0,1,0,0,1,0,0,0,0,0,0,0,0,0,0
823,10,38,2,40,45,8,9,1,0,0,0,0,1,0,0,1,0,0,0,0,0,0,0,0,0,0
824,10,39,2,40,45,8,9,1,0,0,0,0,1,0,0,1,0,0,0,0,0,0,0,0,0,0
825,10,40,2,48,54,8,9,1,0,1,1,1,1,0,0,1,0,0,0,0,0,0,0,0,0,0
826,10,41,2,48,54,8,9,1,0,0,0,0,1,0,0,1,0,0,0,0,0,0,0,0,0,0
827,10,42,2,48,54,8,9,1,0,1,1,0,1,0,0,1,0,0,0,0,0,0,0,0,0,0
828,10,43,2,48,54,8,9,1,0,0,0,0,1,0,0,1,0,0,0,0,0,0,0,0,0,0
829,10,44,2,48,54,8,9,1,1,0,0,0,1,0,0,1,0,0,0,0,0,0,0,0,0,0
830,10,45,2,48,54,8,9,1,0,1,1,1,1,0,0,1,0,0,0,0,0,0,0,0,0,0
831,10,46,2,48,54,8,9,1,0,0,0,0,1,0,0,1,0,0,0,0,0,0,0,0,0,0
832,10,47,2,48,54,8,9,1,0,1,1,0,1,0,0,1,0,0,0,0,0,0,0,0,0,0
833,10,48,2,56,63,8,9,1,0,0,0,0,1,0,0,1,0,0,0,0,0,0,0,0,0,0
834,10,49,2,56,63,8,9,1,0,0,0,0,1,0,0,1,0,0,0,0,0,0,0,0,0,0
835,10,50,2,56,63,8,9,1,1,1,1,1,1,0,0,1,0,0,0,0,0,0,0,0,0,0
836,10,51,2,56,63,8,9,1,0,0,0,0,1,0,0,1,0,0,0,0,0,0,0,0,0,0
837,10,52,2,56,63,8,9,1,0,0,1,0,1,0,0,1,0,0,0,0,0,0,0,0,0,0
838,10,53,2,56,63,8,9,1,0,1,0,0,1,0,0,1,0,0,0,0,0,0,0,0,0,0
839,10,54,2,56,63,8,9,1,0,0,0,0,1,0,0,1,0,0,0,0,0,0,0,0,0,0
840,10,55,2,56,63,8,9,1,1,0,1,1,1,0,0,1,0,0,0,0,0,0,0,0,0,0
841,10,56,2,56,63,8,9,1,0,1,0,0,1,0,0,1,0,0,0,0,0,0,0,0,0,0
842,10,57,2,56,63,8,9,1,0,0,1,0,1,0,0,1,0,0,0,0,0,0,0,0,0,0
843,10,58,2,56,63,8,9,1,0,0,0,0,1,0,0,1,0,0,0,0,0,0,0,0,0,0
844,10,59,2,56,63,8,9,1,0,1,0,0,1,0,0,1,0,0,0,0,0,0,0,0,0,0
845,10,60,2,56,63,8,9,1,1,0,1,1,1,0,0,1,0,0,0,0,0,0,0,0,0,0
846,10,61,2,56,63,8,9,1,0,0,0,0,1,0,0,1,0,0,0,0,0,0,0,0,0,0
847,10,62,2,56,63,8,9,1,0,1,1,0,1,0,0,1,0,0,0,0,0,0,0,0,0,0
848,10,63,2,56,63,8,9,1,0,0,0,0,1,0,0,1,0,0,0,0,0,0,0,0,0,0
849,10,64,2,56,63,8,9,1,0,0,0,0,1,0,0,1,0,0,0,0,0,0,0,0,0,0
850,10,65,2,64,72,8,9,1,1,1,1,1,1,0,0,1,0,0,0,0,0,0,0,0,0,0
851,10,66,2,64,72,8,9,1,0,0,0,0,1,0,0,1,0,0,0,0,0,0,0,0,0,0
852,10,67,2,64,72,8,9,1,0,0,1,0,1,0,0,1,0,0,0,0,0,0,0,0,0,0
853,10,68,2,64,72,8,9,1,0,1,0,0,1,0,0,1,0,0,0,0,0,0,0,0,0,0
854,10,69,2,64,72,8,9,1,0,0,0,0,1,0,0,1,0,0,0,0,0,0,0,0,0,0
855,10,70,2,64,72,8,9,1,1,0,1,1,1,0,0,1,0,0,0,0,0,0,0,0,0,0
856,10,71,2,64,72,8,9,2,0,0,0,0,0,0,0,1,0,0,0,0,0,0,0,0,0,0
857,10,72,2,64,72,8,9,2,0,0,0,0,0,0,0,1,0,0,0,0,0,0,0,0,0,0
858,10,73,2,64,72,8,9,2,0,0,0,0,0,0,0,1,0,0,0,0,0,0,0,0,0,0
859,10,74,2,64,72,8,9,2,0,0,0,0,0,0,0,1,0,0,0,0,0,0,0,0,0,0
860,10,75,2,64,72,8,9,2,0,0,0,0,0,0,0,1,0,0,0,0,0,0,0,0,0,0
861,10,76,2,64,72,8,9,2,0,0,0,0,0,0,0,1,0,0,0,0,0,0,0,0,0,0
862,10,77,2,64,72,8,9,2,0,0,0,0,0,0,0,1,0,0,0,0,0,0,0,0,0,0
863,10,78,2,64,72,8,9,2,0,0,0,0,0,0,0,1,0,0,0,0,0,0,0,0,0,0
864,10,79,2,64,72,8,9,2,0,0,0,0,0,0,0,1,0,0,0,0,0,0,0,0,0,0
865,10,80,2,64,72,8,9,2,0,0,0,0,0,0,0,1,0,0,0,0,0,0,0,0,0,0
866,10,81,2,64,72,8,9,2,0,0,0,0,0,0,0,1,0,0,0,0,0,0,0,0,0,0
867,10,82,2,64,72,8,9,2,0,0,0,0,0,0,0,1,0,0,0,0,0,0,0,0,0,0
868,10,83,2,64,72,8,9,2,0,0,0,0,0,0,0,1,0,0,0,0,0,0,0,0,0,0
869,10,84,2,64,72,8,9,2,0,0,0,0,0,0,0,1,0,0,0,0,0,0,0,0,0,0
870,10,85,2,64,72,8,9,2,0,0,0,0,0,0,0,1,0,0,0,0,0,0,0,0,0,0
871,10,86,2,64,72,8,9,2,0,0,0,0,0,0,0,1,0,0,0,0,0,0,0,0,0,0
872,10,87,2,64,72,8,9,2,0,0,0,0,0,0,0,1,0,0,0,0,0,0,0,0,0,0
873,10,88,2,64,72,8,9,2,0,0,0,0,0,0,0,1,0,0,0,0,0,0,0,0,0,0
874,10,89,2,64,72,8,9,2,0,0,0,0,0,0,0,1,0,0,0,0,0,0,0,0,0,0
875,10,90,2,64,72,8,9,2,0,0,0,0,0,0,0,1,0,0,0,0,0,0,0,0,0,0
876,10,91,2,64,72,8,9,2,0,0,0,0,0,0,0,1,0,0,0,0,0,0,0,0,0,0
877,10,92,2,64,72,8,9,2,0,0,0,0,0,0,0,1,0,0,0,0,0,0,0,0,0,0
878,10,93,2,64,72,8,9,2,0,0,0,0,0,0,0,1,0,0,0,0,0,0,0,0,0,0
879,10,94,2,64,72,8,9,2,0,0,0,0,0,0,0,1,0,0,0,0,0,0,0,0,0,0
880,10,95,2,64,72,8,9,2,0,0,0,0,0,0,0,1,0,0,0,0,0,0,0,0,0,0
881,10,96,2,64,72,8,9,2,0,0,0,0,0,0,0,1,0,0,0,0,0,0,0,0,0,0
882,10,97,2,64,72,8,9,2,0,0,0,0,0,0,0,1,0,0,0,0,0,0,0,0,0,0
883,10,98,2,64,72,8,9,2,0,0,0,0,0,0,0,1,0,0,0,0,0,0,0,0,0,0
884,10,99,2,64,72,8,9,2,0,0,0,0,0,0,0,1,0,0,0,0,0,0,0,0,0,0
885,11,26,2,50,56,4,4,1,1,1,1,0,1,0,0,1,0,0,0,0,0,0,0,0,0,0
886,11,27,2,50,56,4,4,1,1,1,1,1,0,0,0,1,0,0,0,0,0,0,0,0,0,0
887,11,28,2,58,65,4,4,1,1,0,0,0,0,0,0,1,0,0,0,0,0,0,0,0,0,0
888,11,29,2,58,65,4,4,1,1,1,1,1,0,0,0,1,0,0,0,0,0,0,0,0,0,0
889,11,30,2,58,65,4,4,1,1,1,1,0,1,0,0,1,0,0,0,0,0,0,0,0,0,0
890,11,31,2,58,65,4,4,1,1,0,0,1,0,0,0,1,0,0,0,0,0,0,0,0,0,0
891,11,32,2,58,65,4,4,1,1,1,1,0,0,0,0,1,0,0,0,0,0,0,0,0,0,0
892,11,33,2,58,65,4,4,1,1,1,1,1,1,0,0,1,0,0,0,0,0,0,0,0,0,0
893,11,34,2,58,65,4,4,1,1,0,1,0,0,0,0,1,0,0,0,0,0,0,0,0,0,0
894,11,35,2,58,65,4,4,1,1,1,0,1,0,0,0,1,0,0,0,0,0,0,0,0,0,0
895,11,36,2,58,65,4,4,1,1,1,1,0,1,0,0,1,0,0,0,0,0,0,0,0,0,0
896,11,37,2,58,65,4,4,1,1,0,1,1,0,0,0,1,0,0,0,0,0,0,0,0,0,0
897,11,38,2,58,65,4,4,1,1,1,0,0,0,0,0,1,0,0,0,0,0,0,0,0,0,0
898,11,39,2,66,74,4,4,1,1,1,1,1,0,0,0,1,0,0,0,0,0,0,0,0,0,0
899,11,40,2,66,74,4,4,1,1,0,1,0,1,0,0,1,0,0,0,0,0,0,0,0,0,0
900,11,41,2,66,74,4,4,1,1,1,0,1,0,0,0,1,0,0,0,0,0,0,0,0,0,0
901,11,42,2,66,74,4,4,1,1,1,1,0,0,0,0,1,0,0,0,0,0,0,0,0,0,0
902,11,43,2,66,74,4,4,1,1,0,1,1,1,0,0,1,0,0,0,0,0,0,0,0,0,0
903,11,44,2,66,74,4,4,1,1,1,0,0,0,0,0,1,0,0,0,0,0,0,0,0,0,0
904,11,45,2,66,74,4,4,1,1,1,1,1,0,0,0,1,0,0,0,0,0,0,0,0,0,0
905,11,46,2,74,83,4,4,1,1,0,1,0,1,0,0,1,0,0,0,0,0,0,0,0,0,0
906,11,47,2,74,83,4,4,1,1,1,0,1,0,0,0,1,0,0,0,0,0,0,0,0,0,0
907,11,48,2,74,83,4,4,1,1,1,1,0,0,0,0,1,0,0,0,0,0,0,0,0,0,0
908,11,49,2,74,83,4,4,1,1,0,1,1,0,0,0,1,0,0,0,0,0,0,0,0,0,0
909,11,50,2,74,83,4,4,1,1,1,1,0,1,0,0,1,0,0,0,0,0,0,0,0,0,0
910,11,51,2,74,83,4,4,1,1,1,0,1,0,0,0,1,0,0,0,0,0,0,0,0,0,0
911,11,52,2,74,83,4,4,1,1,0,1,0,0,0,0,1,0,0,0,0,0,0,0,0,0,0
912,11,53,2,74,83,4,4,1,0,1,1,1,0,0,0,1,0,0,0,0,0,0,0,0,0,0
913,11,54,2,74,83,4,4,1,1,1,0,0,1,0,0,1,0,0,0,0,0,0,0,0,0,0
914,11,55,2,82,92,4,4,1,1,0,1,1,0,0,0,1,0,0,0,0,0,0,0,0,0,0
915,11,56,2,82,92,4,4,1,0,1,1,0,0,0,0,1,0,0,0,0,0,0,0,0,0,0
916,11,57,2,82,92,4,4,1,1,1,0,1,0,0,0,1,0,0,0,0,0,0,0,0,0,0
917,11,58,2,82,92,4,4,1,1,0,1,0,1,0,0,1,0,0,0,0,0,0,0,0,0,0
918,11,59,2,82,92,4,4,1,0,1,1,1,0,0,0,1,0,0,0,0,0,0,0,0,0,0
919,11,60,2,90,101,4,4,1,1,1,0,0,0,0,0,1,0,0,0,0,0,0,0,0,0,0
920,11,61,2,90,101,4,4,1,1,0,1,1,0,0,0,1,0,0,0,0,0,0,0,0,0,0
921,11,62,2,90,101,4,4,1,0,1,1,0,1,0,0,1,0,0,0,0,0,0,0,0,0,0
922,11,63,2,90,101,4,4,1,1,1,0,1,0,0,0,1,0,0,0,0,0,0,0,0,0,0
923,11,64,2,90,101,4,4,1,1,0,1,0,0,0,0,1,0,0,0,0,0,0,0,0,0,0
924,11,65,2,90,101,4,4,1,0,1,1,1,0,0,0,1,0,0,0,0,0,0,0,0,0,0
925,11,66,2,98,110,4,4,1,1,1,0,0,1,0,0,1,0,0,0,0,0,0,0,0,0,0
926,11,67,2,98,110,4,4,1,1,0,1,1,0,0,0,1,0,0,0,0,0,0,0,0,0,0
927,11,68,2,98,110,4,4,1,0,1,1,0,0,0,0,1,0,0,0,0,0,0,0,0,0,0
928,11,69,2,98,110,4,4,1,1,1,0,1,0,0,0,1,0,0,0,0,0,0,0,0,0,0
929,11,70,2,98,110,4,4,1,1,0,1,0,1,0,0,1,0,0,0,0,0,0,0,0,0,0
930,11,71,2,98,110,4,4,2,0,0,0,0,0,0,0,1,0,0,0,0,0,0,0,0,0,0
931,11,72,2,98,110,4,4,2,0,0,0,0,0,0,0,1,0,0,0,0,0,0,0,0,0,0
932,11,73,2,98,110,4,4,2,0,0,0,0,0,0,0,1,0,0,0,0,0,0,0,0,0,0
933,11,74,2,98,110,4,4,2,0,0,0,0,0,0,0,1,0,0,0,0,0,0,0,0,0,0
934,11,75,2,98,110,4,4,2,0,0,0,0,0,0,0,1,0,0,0,0,0,0,0,0,0,0
935,11,76,2,98,110,4,4,2,0,0,0,0,0,0,0,1,0,0,0,0,0,0,0,0,0,0
936,11,77,2,98,110,4,4,2,0,0,0,0,0,0,0,1,0,0,0,0,0,0,0,0,0,0
937,11,78,2,98,110,4,4,2,0,0,0,0,0,0,0,1,0,0,0,0,0,0,0,0,0,0
938,11,79,2,98,110,4,4,2,0,0,0,0,0,0,0,1,0,0,0,0,0,0,0,0,0,0
939,11,80,2,98,110,4,4,2,0,0,0,0,0,0,0,1,0,0,0,0,0,0,0,0,0,0
940,11,81,2,98,110,4,4,2,0,0,0,0,0,0,0,1,0,0,0,0,0,0,0,0,0,0
941,11,82,2,98,110,4,4,2,0,0,0,0,0,0,0,1,0,0,0,0,0,0,0,0,0,0
942,11,83,2,98,110,4,4,2,0,0,0,0,0,0,0,1,0,0,0,0,0,0,0,0,0,0
943,11,84,2,98,110,4,4,2,0,0,0,0,0,0,0,1,0,0,0,0,0,0,0,0,0,0
944,11,85,2,98,110,4,4,2,0,0,0,0,0,0,0,1,0,0,0,0,0,0,0,0,0,0
945,11,86,2,98,110,4,4,2,0,0,0,0,0,0,0,1,0,0,0,0,0,0,0,0,0,0
946,11,87,2,98,110,4,4,2,0,0,0,0,0,0,0,1,0,0,0,0,0,0,0,0,0,0
947,11,88,2,98,110,4,4,2,0,0,0,0,0,0,0,1,0,0,0,0,0,0,0,0,0,0
948,11,89,2,98,110,4,4,2,0,0,0,0,0,0,0,1,0,0,0,0,0,0,0,0,0,0
949,11,90,2,98,110,4,4,2,0,0,0,0,0,0,0,1,0,0,0,0,0,0,0,0,0,0
950,11,91,2,98,110,4,4,2,0,0,0,0,0,0,0,1,0,0,0,0,0,0,0,0,0,0
951,11,92,2,98,110,4,4,2,0,0,0,0,0,0,0,1,0,0,0,0,0,0,0,0,0,0
952,11,93,2,98,110,4,4,2,0,0,0,0,0,0,0,1,0,0,0,0,0,0,0,0,0,0
953,11,94,2,98,110,4,4,2,0,0,0,0,0,0,0,1,0,0,0,0,0,0,0,0,0,0
954,11,95,2,98,110,4,4,2,0,0,0,0,0,0,0,1,0,0,0,0,0,0,0,0,0,0
955,11,96,2,98,110,4,4,2,0,0,0,0,0,0,0,1,0,0,0,0,0,0,0,0,0,0
956,11,97,2,98,110,4,4,2,0,0,0,0,0,0,0,1,0,0,0,0,0,0,0,0,0,0
957,11,98,2,98,110,4,4,2,0,0,0,0,0,0,0,1,0,0,0,0,0,0,0,0,0,0
958,11,99,2,98,110,4,4,2,0,0,0,0,0,0,0,1,0,0,0,0,0,0,0,0,0,0
959,12,51,2,20,22,0,0,1,0,0,0,0,0,0,0,1,0,0,0,0,0,0,0,0,0,0
960,12,52,2,20,22,0,0,1,0,0,0,0,0,0,0,1,0,0,0,0,0,0,0,0,0,0
961,12,53,2,20,22,0,0,1,0,0,0,0,0,0,0,1,0,0,0,0,0,0,0,0,0,0
962,12,54,2,20,22,0,0,1,0,0,0,0,0,0,0,1,0,0,0,0,0,0,0,0,0,0
963,12,55,2,20,22,0,0,1,0,0,0,0,0,0,0,1,0,0,0,0,0,0,0,0,0,0
964,12,56,2,20,22,0,0,1,0,0,0,0,0,0,0,1,0,0,0,0,0,0,0,0,0,0
965,12,57,2,20,22,0,0,1,0,0,0,0,0,0,0,1,0,0,0,0,0,0,0,0,0,0
966,12,58,2,20,22,0,0,1,0,0,0,0,0,0,0,1,0,0,0,0,0,0,0,0,0,0
967,12,59,2,20,22,0,0,1,0,0,0,0,0,0,0,1,0,0,0,0,0,0,0,0,0,0
968,12,60,2,20,22,0,0,1,0,0,0,0,0,0,0,1,0,0,0,0,0,0,0,0,0,0
969,12,61,2,20,22,0,0,1,0,0,0,0,0,0,0,1,0,0,0,0,0,0,0,0,0,0
970,12,62,2,20,22,0,0,1,0,0,0,0,0,0,0,1,0,0,0,0,0,0,0,0,0,0
971,12,63,2,20,22,0,0,1,0,0,0,0,0,0,0,1,0,0,0,0,0,0,0,0,0,0
972,12,64,2,20,22,0,0,1,0,0,0,0,0,0,0,1,0,0,0,0,0,0,0,0,0,0
973,12,65,2,20,22,0,0,1,0,0,0,0,0,0,0,1,0,0,0,0,0,0,0,0,0,0
974,12,66,2,20,22,0,0,1,0,0,0,0,0,0,0,1,0,0,0,0,0,0,0,0,0,0
975,12,67,2,20,22,0,0,1,0,0,0,0,0,0,0,1,0,0,0,0,0,0,0,0,0,0
976,12,68,2,20,22,0,0,1,0,0,0,0,0,0,0,1,0,0,0,0,0,0,0,0,0,0
977,12,69,2,20,22,0,0,1,0,0,0,0,0,0,0,1,0,0,0,0,0,0,0,0,0,0
978,12,70,2,20,22,8,9,1,0,0,0,0,0,0,0,1,0,0,0,0,0,0,0,0,0,0
979,12,71,2,20,22,8,9,2,0,0,0,0,0,0,0,1,0,0,0,0,0,0,0,0,0,0
980,12,72,2,20,22,8,9,2,0,0,0,0,0,0,0,1,0,0,0,0,0,0,0,0,0,0
981,12,73,2,20,22,8,9,2,0,0,0,0,0,0,0,1,0,0,0,0,0,0,0,0,0,0
982,12,74,2,20,22,8,9,2,0,0,0,0,0,0,0,1,0,0,0,0,0,0,0,0,0,0
983,12,75,2,20,22,8,9,2,0,0,0,0,0,0,0,1,0,0,0,0,0,0,0,0,0,0
984,12,76,2,20,22,8,9,2,0,0,0,0,0,0,0,1,0,0,0,0,0,0,0,0,0,0
985,12,77,2,20,22,8,9,2,0,0,0,0,0,0,0,1,0,0,0,0,0,0,0,0,0,0
986,12,78,2,20,22,8,9,2,0,0,0,0,0,0,0,1,0,0,0,0,0,0,0,0,0,0
987,12,79,2,20,22,8,9,2,0,0,0,0,0,0,0,1,0,0,0,0,0,0,0,0,0,0
988,12,80,2,20,22,8,9,2,0,0,0,0,0,0,0,1,0,0,0,0,0,0,0,0,0,0
989,12,81,2,20,22,8,9,2,0,0,0,0,0,0,0,1,0,0,0,0,0,0,0,0,0,0
990,12,82,2,20,22,8,9,2,0,0,0,0,0,0,0,1,0,0,0,0,0,0,0,0,0,0
991,12,83,2,20,22,8,9,2,0,0,0,0,0,0,0,1,0,0,0,0,0,0,0,0,0,0
992,12,84,2,20,22,8,9,2,0,0,0,0,0,0,0,1,0,0,0,0,0,0,0,0,0,0
993,12,85,2,20,22,8,9,2,0,0,0,0,0,0,0,1,0,0,0,0,0,0,0,0,0,0
994,12,86,2,20,22,8,9,2,0,0,0,0,0,0,0,1,0,0,0,0,0,0,0,0,0,0
995,12,87,2,20,22,8,9,2,0,0,0,0,0,0,0,1,0,0,0,0,0,0,0,0,0,0
996,12,88,2,20,22,8,9,2,0,0,0,0,0,0,0,1,0,0,0,0,0,0,0,0,0,0
997,12,89,2,20,22,8,9,2,0,0,0,0,0,0,0,1,0,0,0,0,0,0,0,0,0,0
998,12,90,2,20,22,8,9,2,0,0,0,0,0,0,0,1,0,0,0,0,0,0,0,0,0,0
999,12,91,2,20,22,8,9,2,0,0,0,0,0,0,0,1,0,0,0,0,0,0,0,0,0,0
1000,12,92,2,20,22,8,9,2,0,0,0,0,0,0,0,1,0,0,0,0,0,0,0,0,0,0
1001,12,93,2,20,22,8,9,2,0,0,0,0,0,0,0,1,0,0,0,0,0,0,0,0,0,0
1002,12,94,2,20,22,8,9,2,0,0,0,0,0,0,0,1,0,0,0,0,0,0,0,0,0,0
1003,12,95,2,20,22,8,9,2,0,0,0,0,0,0,0,1,0,0,0,0,0,0,0,0,0,0
1004,12,96,2,20,22,8,9,2,0,0,0,0,0,0,0,1,0,0,0,0,0,0,0,0,0,0
1005,12,97,2,20,22,8,9,2,0,0,0,0,0,0,0,1,0,0,0,0,0,0,0,0,0,0
1006,12,98,2,20,22,8,9,2,0,0,0,0,0,0,0,1,0,0,0,0,0,0,0,0,0,0
1007,12,99,2,20,22,8,9,2,0,0,0,0,0,0,0,1,0,0,0,0,0,0,0,0,0,0
1008,13,2,2,16,18,4,4,1,0,0,0,0,0,0,0,1,0,0,0,0,0,0,0,0,0,0
1009,13,3,2,16,18,4,4,1,0,0,0,1,0,0,0,1,0,0,0,0,0,0,0,0,0,0
1010,13,4,2,16,18,4,4,1,1,1,0,0,1,0,0,1,0,0,0,0,0,0,0,0,0,0
1011,13,5,2,16,18,4,4,1,0,0,1,0,0,0,0,1,0,0,0,0,0,0,0,0,0,0
1012,13,6,2,16,18,4,4,1,0,0,0,1,1,0,0,1,0,0,0,0,0,0,0,0,0,0
1013,13,7,2,16,18,4,4,1,1,1,0,0,1,0,0,1,0,0,0,0,0,0,0,0,0,0
1014,13,8,2,16,18,4,4,1,0,0,0,1,1,0,0,1,0,0,0,0,0,0,0,0,0,0
1015,13,9,2,16,18,4,4,1,1,1,0,0,0,0,0,1,0,0,0,0,0,0,0,0,0,0
1016,13,10,2,24,27,4,4,1,0,0,1,1,1,0,0,1,0,0,0,0,0,0,0,0,0,0
1017,13,11,2,24,27,4,4,1,1,1,0,0,0,0,0,1,0,0,0,0,0,0,0,0,0,0
1018,13,12,2,24,27,4,4,1,0,0,0,0,1,0,0,1,0,0,0,0,0,0,0,0,0,0
1019,13,13,2,24,27,4,4,1,1,1,0,1,0,0,0,1,0,0,0,0,0,0,0,0,0,0
1020,13,14,2,24,27,4,4,1,0,0,0,0,0,0,0,1,0,0,0,0,0,0,0,0,0,0
1021,13,15,2,24,27,4,4,1,1,1,0,0,1,0,0,1,0,0,0,0,0,0,0,0,0,0
1022,13,16,2,24,27,4,4,1,0,0,0,0,0,0,0,1,0,0,0,0,0,0,0,0,0,0
1023,13,17,2,24,27,4,4,1,1,1,0,0,1,0,0,1,0,0,0,0,0,0,0,0,0,0
1024,13,18,2,24,27,4,4,1,1,1,0,1,0,0,0,1,0,0,0,0,0,0,0,0,0,0
1025,13,19,2,24,27,4,4,1,1,1,0,0,0,0,0,1,0,0,0,0,0,0,0,0,0,0
1026,13,20,2,24,27,4,4,1,1,1,1,1,1,0,0,1,0,0,0,0,0,0,0,0,0,0
1027,13,21,2,32,36,4,4,1,1,1,0,0,0,0,0,1,0,0,0,0,0,0,0,0,0,0
1028,13,22,2,32,36,4,4,1,1,0,1,1,1,0,0,1,0,0,0,0,0,0,0,0,0,0
1029,13,23,2,32,36,4,4,1,2,2,0,0,0,0,0,1,0,0,0,0,0,0,0,0,0,0
1030,13,24,2,32,36,4,4,1,1,1,1,1,0,0,0,1,0,0,0,0,0,0,0,0,0,0
1031,13,25,2,32,36,4,4,1,1,1,0,0,1,0,0,1,0,0,0,0,0,0,0,0,0,0
1032,13,26,2,32,36,4,4,1,1,1,1,1,0,0,0,1,0,0,0,0,0,0,0,0,0,0
1033,13,27,2,32,36,4,4,1,1,1,0,0,1,0,0,1,0,0,0,0,0,0,0,0,0,0
1034,13,28,2,32,36,4,4,1,1,0,1,1,0,0,0,1,0,0,0,0,0,0,0,0,0,0
1035,13,29,2,32,36,4,4,1,2,2,0,0,0,0,0,1,0,0,0,0,0,0,0,0,0,0
1036,13,30,2,32,36,4,4,1,1,1,1,1,1,0,0,1,0,0,0,0,0,0,0,0,0,0
1037,13,31,2,40,45,4,4,1,1,1,0,0,0,0,0,1,0,0,0,0,0,0,0,0,0,0
1038,13,32,2,48,54,4,4,1,1,0,1,1,1,0,0,1,0,0,0,0,0,0,0,0,0,0
1039,13,33,2,56,63,4,4,1,2,2,0,0,0,0,0,1,0,0,0,0,0,0,0,0,0,0
1040,13,34,2,64,72,4,4,1,1,0,1,1,1,0,0,1,0,0,0,0,0,0,0,0,0,0
1041,13,35,2,72,81,4,4,1,2,2,0,0,0,0,0,1,0,0,0,0,0,0,0,0,0,0
1042,13,36,2,72,81,4,4,1,1,1,1,1,1,0,0,1,0,0,0,0,0,0,0,0,0,0
1043,13,37,2,80,90,4,4,1,1,1,0,0,0,0,0,1,0,0,0,0,0,0,0,0,0,0
1044,13,38,2,80,90,4,4,1,1,0,1,1,1,0,0,1,0,0,0,0,0,0,0,0,0,0
1045,13,39,2,88,99,4,4,1,2,2,0,0,0,0,0,1,0,0,0,0,0,0,0,0,0,0
1046,13,40,2,88,99,4,4,1,1,0,1,1,1,0,0,1,0,0,0,0,0,0,0,0,0,0
1047,13,41,2,96,108,4,4,1,2,2,0,0,0,0,0,1,0,0,0,0,0,0,0,0,0,0
1048,13,42,2,96,108,4,4,1,1,0,1,1,1,0,0,1,0,0,0,0,0,0,0,0,0,0
1049,13,43,2,96,108,4,4,1,2,2,0,0,0,0,0,1,0,0,0,0,0,0,0,0,0,0
1050,13,44,2,96,108,4,4,1,1,0,1,1,1,0,0,1,0,0,0,0,0,0,0,0,0,0
1051,13,45,2,96,108,4,4,1,2,2,0,0,0,0,0,1,0,0,0,0,0,0,0,0,0,0
1052,13,46,2,104,117,4,4,1,1,0,1,1,1,0,0,1,0,0,0,0,0,0,0,0,0,0
1053,13,47,2,104,117,4,4,1,2,2,0,0,0,0,0,1,0,0,0,0,0,0,0,0,0,0
1054,13,48,2,104,117,4,4,1,1,0,1,1,1,0,0,1,0,0,0,0,0,0,0,0,0,0
1055,13,49,2,104,117,4,4,1,2,2,0,0,0,0,0,1,0,0,0,0,0,0,0,0,0,0
1056,13,50,2,104,117,4,4,1,1,0,1,1,1,0,0,1,0,0,0,0,0,0,0,0,0,0
1057,13,51,2,104,117,4,4,1,2,2,0,0,0,0,0,1,0,0,0,0,0,0,0,0,0,0
1058,13,52,2,104,117,4,4,1,1,0,1,1,1,0,0,1,0,0,0,0,0,0,0,0,0,0
1059,13,53,2,104,117,4,4,1,2,2,0,0,0,0,0,1,0,0,0,0,0,0,0,0,0,0
1060,13,54,2,104,117,4,4,1,1,0,1,1,1,0,0,1,0,0,0,0,0,0,0,0,0,0
1061,13,55,2,104,117,4,4,1,2,2,0,0,0,0,0,1,0,0,0,0,0,0,0,0,0,0
1062,13,56,2,104,117,4,4,1,1,0,1,1,1,0,0,1,0,0,0,0,0,0,0,0,0,0
1063,13,57,2,104,117,4,4,1,2,2,0,0,0,0,0,1,0,0,0,0,0,0,0,0,0,0
1064,13,58,2,104,117,4,4,1,1,0,1,1,1,0,0,1,0,0,0,0,0,0,0,0,0,0
1065,13,59,2,104,117,4,4,1,2,2,0,0,0,0,0,1,0,0,0,0,0,0,0,0,0,0
1066,13,60,2,104,117,4,4,1,1,1,1,1,1,0,0,1,0,0,0,0,0,0,0,0,0,0
1067,13,61,2,112,126,4,4,1,1,1,0,0,0,0,0,1,0,0,0,0,0,0,0,0,0,0
1068,13,62,2,112,126,4,4,1,1,1,1,0,1,0,0,1,0,0,0,0,0,0,0,0,0,0
1069,13,63,2,112,126,4,4,1,1,1,0,1,0,0,0,1,0,0,0,0,0,0,0,0,0,0
1070,13,64,2,112,126,4,4,1,1,1,1,0,1,0,0,1,0,0,0,0,0,0,0,0,0,0
1071,13,65,2,112,126,4,4,1,1,1,0,1,0,0,0,1,0,0,0,0,0,0,0,0,0,0
1072,13,66,2,112,126,4,4,1,1,1,1,0,1,0,0,1,0,0,0,0,0,0,0,0,0,0
1073,13,67,2,112,126,4,4,1,1,1,0,1,0,0,0,1,0,0,0,0,0,0,0,0,0,0
1074,13,68,2,112,126,4,4,1,1,1,1,0,1,0,0,1,0,0,0,0,0,0,0,0,0,0
1075,13,69,2,112,126,4,4,1,1,1,0,1,0,0,0,1,0,0,0,0,0,0,0,0,0,0
1076,13,70,2,128,144,8,9,1,1,1,1,0,1,0,0,1,0,0,0,0,0,0,0,0,0,0
1077,13,71,2,128,144,8,9,2,0,0,0,0,0,0,0,1,0,0,0,0,0,0,0,0,0,0
1078,13,72,2,128,144,8,9,2,0,0,0,0,0,0,0,1,0,0,0,0,0,0,0,0,0,0
1079,13,73,2,128,144,8,9,2,0,0,0,0,0,0,0,1,0,0,0,0,0,0,0,0,0,0
1080,13,74,2,128,144,8,9,2,0,0,0,0,0,0,0,1,0,0,0,0,0,0,0,0,0,0
1081,13,75,2,128,144,8,9,2,0,0,0,0,0,0,0,1,0,0,0,0,0,0,0,0,0,0
1082,13,76,2,128,144,8,9,2,0,0,0,0,0,0,0,1,0,0,0,0,0,0,0,0,0,0
1083,13,77,2,128,144,8,9,2,0,0,0,0,0,0,0,1,0,0,0,0,0,0,0,0,0,0
1084,13,78,2,128,144,8,9,2,0,0,0,0,0,0,0,1,0,0,0,0,0,0,0,0,0,0
1085,13,79,2,128,144,8,9,2,0,0,0,0,0,0,0,1,0,0,0,0,0,0,0,0,0,0
1086,13,80,2,128,144,8,9,2,0,0,0,0,0,0,0,1,0,0,0,0,0,0,0,0,0,0
1087,13,81,2,128,144,8,9,2,0,0,0,0,0,0,0,1,0,0,0,0,0,0,0,0,0,0
1088,13,82,2,128,144,8,9,2,0,0,0,0,0,0,0,1,0,0,0,0,0,0,0,0,0,0
1089,13,83,2,128,144,8,9,2,0,0,0,0,0,0,0,1,0,0,0,0,0,0,0,0,0,0
1090,13,84,2,128,144,8,9,2,0,0,0,0,0,0,0,1,0,0,0,0,0,0,0,0,0,0
1091,13,85,2,128,144,8,9,2,0,0,0,0,0,0,0,1,0,0,0,0,0,0,0,0,0,0
1092,13,86,2,128,144,8,9,2,0,0,0,0,0,0,0,1,0,0,0,0,0,0,0,0,0,0
1093,13,87,2,128,144,8,9,2,0,0,0,0,0,0,0,1,0,0,0,0,0,0,0,0,0,0
1094,13,88,2,128,144,8,9,2,0,0,0,0,0,0,0,1,0,0,0,0,0,0,0,0,0,0
1095,13,89,2,128,144,8,9,2,0,0,0,0,0,0,0,1,0,0,0,0,0,0,0,0,0,0
1096,13,90,2,128,144,8,9,2,0,0,0,0,0,0,0,1,0,0,0,0,0,0,0,0,0,0
1097,13,91,2,128,144,8,9,2,0,0,0,0,0,0,0,1,0,0,0,0,0,0,0,0,0,0
1098,13,92,2,128,144,8,9,2,0,0,0,0,0,0,0,1,0,0,0,0,0,0,0,0,0,0
1099,13,93,2,128,144,8,9,2,0,0,0,0,0,0,0,1,0,0,0,0,0,0,0,0,0,0
1100,13,94,2,128,144,8,9,2,0,0,0,0,0,0,0,1,0,0,0,0,0,0,0,0,0,0
1101,13,95,2,128,144,8,9,2,0,0,0,0,0,0,0,1,0,0,0,0,0,0,0,0,0,0
1102,13,96,2,128,144,8,9,2,0,0,0,0,0,0,0,1,0,0,0,0,0,0,0,0,0,0
1103,13,97,2,128,144,8,9,2,0,0,0,0,0,0,0,1,0,0,0,0,0,0,0,0,0,0
1104,13,98,2,128,144,8,9,2,0,0,0,0,0,0,0,1,0,0,0,0,0,0,0,0,0,0
1105,13,99,2,128,144,8,9,2,0,0,0,0,0,0,0,1,0,0,0,0,0,0,0,0,0,0
